ticker,ebitda_b,eps,ni_b,q_earnings_gr,q_rev_gr,roa,roe,rev_b,_5y_div_yld,bv_per_sh,cash_b,cash_per_sh,curr_ratio,debt_b,debt_to_eq,fcf_b,fwd_div,fwd_div_yld,gross_profit_b,insiders,institution,op_cf_b,oper_margin,payout_ratio,profit_margin,rev_sh,sh_float,sh_short,shares_out,short_ratio,short_to_float,short_to_out
MMM,8.92,9.25,5.38,43.30%,5.80%,9.53%,46.74%,32.18,2.83,22.27,5.05,8.71,1.88,19.78,152.93,6.01,5.92,3.34%,15.67,0.19%,66.53%,8.11,21.79%,63.57%,16.73%,55.72,578.52M,7.79M,577.75M,2.3,1.35%,1.35%
ABT,9,2.5,4.47,106.10%,28.70%,,14.22%,34.61,1.84,17.71,4.73,2.67,,18.56,58.75,nan,1.8,1.42%,19.77,0.69%,75.58%,nan,16.53%,57.83%,12.99%,19.38,1.76B,11.52M,1.77B,2.16,0.67%,0.65%
ABBV,21.53,2.72,4.62,-98.70%,59.20%,,129.89%,45.8,4.14,8.65,7.96,4.51,,87.1,569.68,nan,5.2,5.01%,31.71,0.10%,70.00%,nan,34.17%,180.53%,10.08%,27.38,1.74B,14.87M,1.77B,1.99,0.84%,0.84%
ABMD,0.25056,4.39,0.20047,-10.60%,4.50%,10.82%,17.37%,0.81293,,27.89,0.48645,10.76,5.76,0.01087,0.86,0.15978,,,0.68958,2.33%,97.47%,0.2747,27.96%,0.00%,24.66%,18.03,44.24M,1.5M,45.23M,3.96,3.81%,3.32%
ACN,7.41,8.12,5.25,10.60%,3.50%,11.61%,31.34%,44.73,1.67,28.26,8.68,13.68,1.45,3.43,18.61,7.28,3.52,1.37%,13.98,0.08%,74.38%,9.03,14.84%,40.39%,11.74%,70.34,633.2M,4.61M,661.13M,2.45,0.70%,0.70%
ATVI,3.02,2.82,2.2,-3.20%,21.50%,8.23%,15.78%,8.09,0.59,19.45,8.65,11.19,3.41,3.6,23.97,2.06,,,5.83,1.22%,89.98%,2.25,34.97%,14.54%,27.17%,10.49,764.27M,8.15M,772.86M,1.4,1.07%,1.05%
ADBE,4.81,10.83,5.26,164.40%,14.40%,11.76%,44.21%,12.87,,27.69,5.99,12.52,1.48,4.71,35.49,4.36,,,11.15,0.31%,86.10%,5.73,32.93%,0.00%,40.88%,26.75,477.06M,4.91M,479.72M,1.75,1.03%,1.03%
AMD,1.68,2.06,2.49,947.60%,52.50%,11.42%,57.48%,9.76,,4.82,2.29,1.89,2.54,0.572,9.8,0.43225,,,4.35,0.62%,73.87%,1.07,14.02%,0.00%,25.50%,8.25,1.2B,78.64M,1.21B,1.6,6.53%,6.49%
AAP,1.02,6.87,0.47693,19.30%,9.90%,4.16%,13.22%,9.85,0.23,55.35,1.07,15.85,1.38,3.49,92.77,0.32043,1,0.65%,4.26,0.37%,102.28%,0.96758,7.79%,11.77%,4.84%,142.44,63.47M,3.91M,67.85M,3.69,6.78%,5.77%
AES,3.24,-0.53,-0.353,,-3.00%,3.99%,-7.77%,9.53,3.63,3.01,1.89,2.84,1.02,21.35,516.48,0.518,0.6,2.15%,2.35,0.29%,102.48%,2.71,22.69%,,-3.67%,14.32,663.23M,11.04M,665.13M,1.55,2.22%,1.66%
AFL,4.2,6.67,4.78,21.80%,5.50%,1.63%,15.29%,22.15,2.32,48.46,nan,,,7.9,23.54,nan,1.32,2.82%,4.16,8.69%,61.63%,nan,18.78%,16.79%,21.57%,31.03,636M,6.01M,692.45M,1.71,0.88%,0.87%
A,1.35,2.3,0.719,14.40%,8.50%,6.84%,14.95%,5.34,0.86,15.91,1.44,4.7,2.33,2.54,52.06,0.58675,0.78,0.61%,2.84,0.32%,90.07%,0.921,19.55%,31.30%,13.47%,17.28,305.73M,2.27M,305.39M,1.37,0.75%,0.74%
APD,3.46,8.51,1.9,1.30%,5.30%,6.11%,15.46%,8.98,2.28,57.32,6.21,28.08,2.95,8.05,61.56,-0.06111,6,2.33%,3,0.28%,88.10%,3.37,24.92%,62.84%,21.09%,40.56,220.44M,1.45M,221.28M,1.25,0.66%,0.66%
AKAM,1.01,3.37,0.55705,-4.80%,9.60%,6.11%,14.09%,3.2,,26.08,1.1,6.74,2.55,2.78,65.32,0.32051,,,2.07,2.12%,93.55%,1.22,22.57%,0.00%,17.42%,19.68,160.15M,7.51M,163M,3.65,5.27%,4.61%
ALK,-1.29,-10.59,-1.31,,-63.70%,-7.91%,-35.63%,3.57,1.96,24.19,3.35,26.94,0.94,5.05,168.15,nan,,,-0.784,0.46%,75.70%,nan,-48.01%,,-36.65%,28.89,123.68M,3.49M,123.66M,1.86,3.18%,2.82%
ALB,0.85338,3.59,0.38152,-36.60%,-15.10%,4.26%,10.82%,3.24,1.55,38.75,0.70207,6.59,1.38,3.68,85.05,-0.00839,1.54,0.96%,1.26,0.32%,89.72%,0.83545,19.32%,42.41%,11.77%,30.52,106.02M,3.4M,116.63M,1.8,3.66%,3.20%
ARE,1.18,6.01,0.76079,118.10%,13.20%,1.64%,7.01%,1.9,2.78,85.78,0.56853,4.16,3.16,7.91,58.83,0.94188,4.36,2.54%,1.37,1.07%,96.33%,0.88251,28.39%,70.55%,40.55%,15.08,134.98M,5.89M,136.69M,5.29,5.06%,4.31%
ALXN,3.19,2.72,0.6034,-39.70%,15.00%,10.10%,5.26%,6.07,,53.08,3,13.65,3.59,2.93,25.16,2.11,,,5.52,0.28%,93.36%,3,47.47%,0.00%,9.94%,27.58,218.92M,4.38M,219.71M,1.43,2.08%,1.99%
ALGN,0.47886,22.41,1.78,31.10%,28.40%,6.60%,77.55%,2.47,,41.01,0.96084,12.19,1.39,0.06444,1.99,0.58687,,,1.76,7.94%,89.51%,0.66217,15.66%,0.00%,71.84%,31.39,72.88M,1.3M,78.85M,2.76,1.86%,1.65%
ALLE,0.6106,3.24,0.3017,11.60%,-2.70%,11.55%,39.86%,2.71,0.87,8.94,0.4289,4.66,2.29,1.52,184.37,0.36409,,,1.25,0.36%,98.93%,0.4982,20.07%,37.96%,11.12%,29.3,91.62M,2.55M,92.04M,3.97,3.54%,2.77%
LNT,1.35,2.69,0.6612,8.80%,-7.10%,2.78%,11.94%,3.48,2.97,22.86,0.189,0.76,0.8,7,118.51,-0.76017,1.61,3.31%,1.46,0.12%,75.70%,0.5874,21.75%,55.78%,19.01%,14.13,249.35M,2.78M,249.76M,2.27,1.27%,1.11%
ALL,8.2,17.31,5.46,48.00%,4.80%,3.83%,19.84%,44.79,1.85,92.92,8.18,26.9,0.55,7.82,25.9,nan,2.16,2.07%,14.28,0.43%,80.53%,nan,16.82%,12.48%,12.45%,143.74,302.33M,3.98M,304.19M,2.39,1.31%,1.31%
GOOGL,54.9,58.61,40.27,42.70%,23.50%,8.65%,19.00%,182.53,,329.59,136.69,202.77,3.07,27.87,12.52,35.91,,,97.8,0.12%,80.25%,65.12,22.58%,0.00%,22.06%,268.1,607.45M,2.85M,300.64M,1.47,0.95%,0.42%
GOOG,54.9,58.61,40.27,42.70%,23.50%,8.65%,19.00%,182.53,,329.59,136.69,202.77,3.07,27.87,12.52,35.91,,,97.8,5.86%,68.10%,65.12,22.58%,0.00%,22.06%,268.1,607.45M,2.53M,329.87M,1.51,,0.37%
MO,11.77,2.4,4.47,,5.30%,14.89%,95.56%,20.84,5.38,1.57,4.94,2.66,0.79,29.47,993.96,nan,3.44,7.90%,13.49,0.11%,63.10%,nan,55.25%,141.67%,21.43%,11.21,1.86B,11.75M,1.86B,1.46,0.63%,0.63%
AMZN,48.15,41.83,21.33,121.00%,43.60%,5.24%,27.44%,386.06,,185.69,84.4,167.6,1.05,101.23,108.38,36.64,,,152.76,14.56%,58.66%,66.06,5.93%,0.00%,5.53%,772.13,429.33M,3.32M,500.89M,0.88,0.77%,0.66%
AMCR,1.94,0.31,0.7765,17.70%,2.00%,5.06%,15.26%,12.48,,3.33,0.762,0.49,1.28,6.94,143.09,1.33,0.47,4.18%,2.54,0.21%,37.36%,1.48,10.89%,94.00%,6.23%,7.95,1.55B,32.17M,1.56B,5.24,2.07%,2.07%
AEE,2.45,3.42,0.85,0.80%,-1.60%,2.91%,10.17%,5.53,2.88,34.34,0.006,0.02,0.75,10.8,125.14,-0.82925,2.06,2.84%,2.74,0.44%,76.64%,1.83,24.89%,57.89%,15.37%,22.42,245.84M,4.3M,247.21M,2.28,2.00%,1.74%
AAL,-9.02,-18.36,-8.89,,-64.40%,-11.67%,,17.34,1.28,-11.05,6.86,11.05,0.67,41.02,,-8.95,,,-5.54,0.93%,45.42%,-6.54,-65.68%,,-51.25%,35.83,615.23M,97.37M,621.48M,1.34,21.03%,15.67%
AEP,5.4,3.86,1.92,2.10%,-5.80%,2.45%,9.41%,14.92,3.3,41.03,0.6187,1.25,0.48,33.39,161.82,-2.78,2.96,3.75%,6.5,0.01%,76.78%,3.84,20.02%,72.54%,12.85%,30.14,495.87M,6.54M,496.39M,2.04,1.32%,1.32%
AXP,nan,3.77,3.04,-15.10%,-8.50%,1.61%,13.61%,31.36,1.52,28.57,33,40.99,1.62,45,195.65,nan,1.72,1.34%,22.09,0.10%,86.88%,nan,13.70%,45.62%,10.00%,38.95,652.31M,8.45M,805.2M,1.98,1.29%,1.05%
AIG,9.06,-5.72,-5.04,-56.10%,-22.10%,0.53%,-7.57%,45.65,2.64,73.86,23.63,27.42,0.75,38.24,59.18,8.17,1.28,3.02%,15.38,0.05%,92.27%,2.09,10.22%,,-10.87%,52.37,860.43M,10.32M,861.53M,2.11,1.20%,1.20%
REIT ,4.9,4.23,1.89,-6.90%,3.00%,4.71%,34.18%,7.84,1.79,8.4,1.63,3.66,0.87,31.69,668.09,3.33,4.84,2.12%,5.36,0.27%,93.09%,3.74,38.83%,102.36%,24.08%,17.69,442.84M,4.27M,444.21M,1.76,1.12%,0.96%
AWK,1.9,3.65,0.662,10.00%,6.50%,3.47%,10.42%,3.76,1.78,35.92,0.578,3.19,0.87,10.79,165.68,-1.21,2.2,1.33%,2.07,0.25%,87.05%,1.43,34.42%,57.53%,17.62%,20.75,180.76M,1.52M,181.27M,1.67,0.96%,0.84%
AMP,2.9,12.2,1.53,-61.80%,2.70%,1.06%,26.46%,11.96,2.55,50.23,6.85,58.6,7.84,4.94,84.27,nan,4.16,1.94%,5.82,0.20%,87.14%,nan,22.55%,28.21%,12.83%,96.59,116.35M,2.22M,116.8M,3.49,2.15%,1.90%
ABC,2.65,-15.76,-3.22,99.80%,9.70%,3.28%,-250.82%,194.55,1.74,-3.41,4.89,23.89,0.99,4.59,,1.93,1.76,1.68%,5.19,28.05%,67.12%,2.97,1.16%,,-1.66%,951.55,147.3M,2.73M,204.71M,1.95,1.86%,1.34%
AME,1.28,3.77,0.87244,0.10%,-8.10%,6.36%,15.77%,4.54,0.65,25.87,1.21,5.27,2.34,2.41,40.57,nan,0.72,0.59%,1.54,0.44%,88.44%,nan,22.64%,19.10%,19.22%,19.79,228.95M,1.87M,230.06M,2.09,0.91%,0.81%
AMGN,12.77,12.31,7.26,-5.20%,7.10%,9.51%,76.14%,25.42,2.62,16.27,10.65,18.43,1.81,33.44,355.46,9.04,7.04,3.00%,19.27,0.19%,77.99%,10.5,36.69%,51.99%,28.57%,43.39,576.53M,7.56M,577.57M,2.97,1.31%,1.31%
APH,1.95,3.91,1.2,12.00%,12.80%,8.87%,24.15%,8.6,0.91,17.99,1.74,5.8,2.38,4.1,75.12,0.93711,,,2.66,1.48%,95.65%,1.59,19.11%,26.60%,13.99%,28.85,297.97M,2.15M,299.58M,1.69,0.96%,0.72%
ADI,2.38,3.28,1.22,39.20%,5.80%,4.58%,10.30%,5.6,2.12,32.47,1.06,2.86,1.84,5.69,47.41,1.57,2.48,1.56%,3.69,0.32%,94.55%,2.01,28.01%,73.17%,21.79%,15.2,368.18M,29.83M,369.56M,10.96,8.10%,8.07%
ANSS,0.50694,4.4,0.38411,-15.50%,6.70%,6.32%,11.79%,1.54,,41.81,0.84521,9.84,2.6,0.54587,15.21,0.38004,,,1.37,0.96%,94.89%,0.51299,27.62%,0.00%,24.88%,18.03,85.16M,979.15k,85.88M,2.12,1.28%,1.14%
ANTM,8.21,17.98,4.57,-41.00%,16.10%,5.38%,14.08%,121.87,1.36,132.21,30.73,122.39,1.55,20.04,60.35,6.37,4.52,1.54%,33.82,0.17%,93.98%,10.69,5.79%,21.13%,3.75%,479.23,250.79M,3.21M,248.7M,2.63,1.29%,1.29%
AON,3.21,8.45,1.97,40.10%,2.80%,5.68%,57.37%,11.07,1,15.25,1.19,5.2,1.07,8.63,240.75,2.62,1.84,0.81%,5.17,1.00%,108.34%,2.78,25.25%,21.07%,17.79%,47.72,226.78M,23.57M,228.62M,16.2,10.42%,10.31%
AOS,0.5279,2.12,0.3449,31.40%,11.10%,9.00%,19.62%,2.9,1.41,11.35,0.6896,4.23,1.83,0.1476,7.99,0.46368,1.04,1.70%,1.11,0.93%,96.53%,0.5621,15.47%,46.23%,11.91%,17.81,133.7M,4.96M,135.43M,3.67,4.20%,3.07%
APA,2.61,-20.78,-7.85,,-24.80%,-6.79%,-189.80%,4.67,3.24,-4.35,0.162,0.43,1.24,9.04,"6,369.01",1.03,,,4.63,0.27%,85.69%,1.67,-39.83%,,-167.83%,12.38,354.52M,17.87M,377.48M,1.94,6.44%,4.73%
AAPL,85.16,3.69,63.93,29.30%,21.40%,13.36%,82.09%,294.14,1.44,3.94,76.83,4.58,1.16,112.04,169.19,66.89,0.82,0.61%,104.96,0.07%,59.66%,88.92,25.25%,21.77%,21.74%,17.13,16.77B,91.86M,16.79B,0.79,0.55%,0.55%
AMAT,4.84,3.92,3.62,62.00%,24.90%,13.50%,38.52%,17.2,1.36,11.57,5.74,6.28,3,5.71,53.95,2.41,0.88,0.78%,7.71,0.41%,83.07%,3.8,25.97%,21.94%,21.04%,18.78,909.98M,10.08M,917.66M,1.28,1.10%,1.10%
APTV,1.57,6.66,1.77,30.00%,17.10%,3.31%,30.09%,13.07,1.19,29.27,2.82,10.45,1.85,4.4,54.33,1.23,,,1.94,0.47%,99.99%,1.41,6.28%,3.30%,13.81%,49.6,268.21M,3.78M,270.02M,1.91,1.63%,1.40%
ADM,2.75,3.15,1.77,36.30%,10.10%,2.86%,9.05%,64.36,3.05,35.52,0.667,1.18,5.46,9.93,49.41,-1.21,1.48,2.69%,4.45,0.39%,82.13%,-2.39,2.76%,45.71%,2.75%,114.31,560.84M,4.15M,556.1M,1.53,0.75%,0.75%
ANET,0.73281,8.94,0.71218,-19.40%,-7.50%,10.80%,24.82%,2.22,,40.78,2.85,37.61,5.5,0.0749,2.43,0.70376,,,1.54,28.30%,65.24%,0.87535,31.19%,0.00%,32.06%,29.19,55.1M,1.56M,75.66M,2.51,3.39%,2.06%
AJG,1.63,4.2,0.8188,44.40%,0.50%,3.34%,14.99%,6.78,2.32,31.94,0.6646,3.43,1.1,5.02,80.54,0.73299,1.92,1.65%,2.51,1.03%,85.67%,1.75,16.54%,42.86%,12.07%,35.51,191.79M,2.15M,193.65M,2.61,1.43%,1.11%
AIZ,0.89773,6.99,0.4231,9.10%,-0.70%,1.07%,7.61%,10.09,2.17,100.34,nan,,0.46,2.25,37.83,nan,2.64,2.02%,7.54,0.85%,97.87%,nan,7.51%,36.48%,4.38%,167.83,58.71M,1.8M,58.76M,5.33,3.49%,3.06%
T,53.8,-0.75,-5.37,,-2.40%,2.93%,-2.01%,171.76,5.78,22.69,9.74,1.37,0.82,179.45,100.11,38.95,2.08,7.29%,91.84,0.08%,53.53%,43.13,14.72%,,-3.01%,24,7.12B,113.56M,7.13B,2.42,1.59%,1.59%
ATO,1.3,5.15,0.63999,21.80%,4.40%,3.49%,9.60%,2.86,2.15,56.29,0.51408,4.01,1.49,5.13,71.05,-0.98505,2.5,2.72%,1.53,0.97%,89.27%,1.02,30.17%,45.81%,22.39%,23.01,127.08M,2.43M,128.16M,2.27,2.45%,1.90%
ADSK,0.691,1.93,0.4287,98.20%,13.00%,6.81%,,3.65,,0.31,1.62,7.35,0.83,2.1,"3,028.72",1.15,,,2.98,0.17%,93.34%,1.48,16.40%,0.00%,11.74%,16.63,219.55M,1.95M,219.89M,1.26,0.89%,0.88%
ADP,3.81,5.77,2.48,-0.60%,0.70%,4.21%,44.07%,14.59,2.09,13.78,1.61,3.77,1.06,2.45,41.53,2.49,3.72,2.23%,6.51,0.10%,82.23%,3.08,22.68%,63.43%,17.01%,34.03,427.08M,4.14M,427.94M,2.05,0.97%,0.97%
AZO,3.01,76.33,1.83,26.30%,12.90%,11.99%,,12.99,,-44.94,1.71,74.93,1.06,8.52,,1.87,,,6.77,0.34%,95.06%,2.96,20.14%,0.00%,14.05%,555.81,22.67M,457.4k,22.76M,1.83,2.02%,2.01%
AVB,1.41,5.89,0.82763,103.50%,-6.70%,2.29%,7.61%,2.3,3.22,77.22,0.21698,1.56,,7.56,70.33,nan,6.36,3.55%,1.47,0.27%,93.95%,nan,30.50%,107.98%,35.94%,16.4,138.77M,2.89M,139.61M,3.49,2.82%,2.07%
AVY,1.07,6.61,0.5559,17.80%,12.30%,9.31%,41.12%,6.97,1.88,17.83,0.2523,3,1.25,2.12,141.13,0.4881,2.48,1.43%,1.92,0.64%,91.96%,0.7513,12.38%,35.70%,7.97%,82.89,83.55M,596.06k,83.42M,1.31,0.81%,0.71%
BKR,2.11,nan,-9.94,1260.40%,-13.40%,1.09%,-59.77%,20.7,,,4.13,5.8,1.61,7.63,41.84,0.35788,0.72,3.23%,3.2,4.30%,96.19%,1.3,3.84%,,-48.01%,30.67,711.05M,9.59M,685.82M,1.48,1.81%,0.93%
BLL,1.93,1.76,0.585,41.90%,14.10%,4.44%,18.31%,11.78,0.79,10.2,1.37,4.18,1.05,7.8,233.74,0.33875,0.6,0.68%,2.46,0.57%,86.19%,1.43,10.74%,34.09%,4.97%,36.11,324.82M,7.57M,327.11M,4.65,2.69%,2.31%
BAC,nan,1.87,16.47,-21.80%,-6.40%,0.68%,6.66%,74.21,1.82,28.72,937.1,108.32,,498.1,,nan,0.72,2.19%,74.21,0.10%,71.10%,nan,25.60%,38.50%,24.11%,8.48,8.63B,72.54M,8.65B,1.36,0.94%,0.84%
BK,nan,3.83,3.42,-47.90%,-20.00%,0.85%,8.26%,15.47,2.19,46.53,211.51,238.51,,62.72,,nan,1.24,2.94%,15.47,0.24%,85.07%,nan,29.55%,32.38%,23.38%,17.37,885.28M,6.98M,886.76M,1.21,0.79%,0.79%
BAX,2.65,2.13,1.1,,4.70%,,13.44%,11.67,1.1,16.77,4.36,8.53,,7.16,83.19,nan,0.98,1.26%,4.73,0.14%,88.73%,nan,15.69%,44.84%,9.44%,22.93,509.88M,7.14M,510.82M,2.8,1.40%,1.40%
BDX,5.4,5.26,1.51,260.80%,25.80%,3.78%,6.97%,18.21,1.34,84.87,3.26,11.24,1.36,17.82,72.25,3.96,3.32,1.31%,7.92,0.66%,86.95%,4.36,17.71%,61.66%,8.78%,64.14,289.83M,2.15M,290.56M,1.7,0.75%,0.74%
BRK.B,nan,nan,nan,,,,,nan,,,nan,,,nan,,nan,,,nan,,,nan,,,,,,,,,,
BBY,3.22,6.56,1.73,33.40%,21.40%,7.84%,47.90%,45.52,2.46,15.84,5.82,22.46,1.12,4.73,115.71,4.38,2.2,1.84%,10.05,11.40%,80.80%,5.54,5.26%,32.92%,3.79%,175.16,231.59M,6.02M,258.83M,2.18,2.96%,2.32%
BIO,0.45962,116.69,3.52,,15.50%,2.11%,50.45%,2.38,,295.84,1.15,38.7,2.36,0.64541,7.31,0.3537,,,1.26,14.36%,79.60%,0.4504,13.58%,0.00%,147.91%,79.9,21.32M,551.82k,24.74M,2.55,2.56%,1.85%
BIIB,5.11,24.8,4,-75.10%,-22.30%,11.22%,33.80%,13.44,,70.21,2.61,17.13,1.84,7.91,74.03,2.88,,,11.64,0.63%,87.89%,4.23,34.63%,0.00%,29.76%,83.56,151.35M,3.67M,153.88M,2.72,2.42%,2.41%
BLK,6.17,31.85,4.93,19.00%,12.60%,,14.90%,16.2,2.45,222.12,6.32,41.44,,7.99,22.19,nan,16.52,2.29%,8.27,1.22%,87.46%,nan,35.28%,45.59%,30.43%,105.58,150.64M,1.75M,152.53M,2.37,1.50%,1.14%
BA,-6.41,-20.88,-11.87,,-14.60%,-3.79%,,58.16,2.52,-31.45,25.59,43.89,1.39,64.93,,-13.23,,,-1.69,0.12%,52.89%,-18.41,-14.89%,,-20.42%,102.21,551.48M,11.7M,564.53M,0.88,2.01%,2.01%
BKNG,2.29,33.69,1.4,-58.90%,-47.60%,5.25%,25.68%,8.9,,119.96,11.2,273.4,3.17,12.45,253.43,1.18,,,15.07,0.35%,96.27%,1.74,20.58%,0.00%,15.68%,216.13,40.81M,766.44k,40.95M,1.94,1.88%,1.87%
BWA,1.34,1.76,0.362,-42.80%,1.70%,5.27%,8.82%,8.8,1.59,19.45,2.12,8.67,2.35,2.84,57.67,0.68788,0.68,1.59%,2.1,0.39%,91.53%,0.992,10.10%,38.64%,4.11%,42.77,243.6M,13.16M,244.52M,4.9,5.96%,5.38%
BXP,1.59,5.54,0.86223,-93.10%,-17.80%,2.56%,12.46%,2.77,2.81,37.22,1.67,10.72,4.97,13.49,161.71,nan,3.92,4.13%,1.73,0.14%,97.42%,nan,32.73%,70.76%,31.55%,17.79,155.39M,4.21M,155.72M,3.54,3.11%,2.70%
BSX,nan,nan,nan,,,,,nan,,,nan,,,nan,,nan,,,7.63,,,nan,,,,,,,,,,
BMY,18.18,-3.99,-9.02,,39.30%,3.90%,-20.08%,42.52,2.82,16.85,16.45,7.34,1.58,51.68,136.43,16.39,1.96,3.27%,34.05,0.08%,75.79%,14.05,18.23%,,-21.20%,18.83,2.21B,19.47M,2.24B,1.65,0.86%,0.86%
AVGO,11.04,6.33,2.66,56.30%,12.00%,3.70%,12.12%,23.89,2.5,58.66,7.62,18.73,1.87,41.69,174.42,11.88,14.4,3.03%,17.37,2.49%,83.17%,12.06,17.79%,205.37%,12.39%,59.42,399.82M,4.38M,404.5M,2.74,1.50%,1.08%
BR,0.9821,4.43,0.5186,457.40%,8.90%,9.24%,40.53%,4.68,1.64,12.38,0.3662,3.16,1.37,2.07,144.26,0.7373,2.3,1.58%,1.26,0.69%,88.34%,0.67,14.59%,50.34%,11.07%,40.66,115.14M,1.75M,115.8M,2.8,1.74%,1.52%
CHRW,0.775,3.72,0.50642,49.10%,19.90%,8.60%,28.53%,16.21,2.31,13.83,0.2438,1.79,1.6,1.43,75.96,0.39786,,,1.17,0.84%,96.27%,0.49919,4.15%,54.84%,3.12%,119.58,135.38M,11.3M,135.95M,8.05,9.69%,8.31%
COG,0.68863,0.53,0.21626,,-20.30%,4.06%,9.98%,1.46,1.13,5.32,170k,0,0.84,1.2,56.47,-0.04694,0.4,2.30%,1.33,2.01%,100.75%,0.73337,19.77%,75.47%,14.86%,3.64,390.66M,21.45M,398.58M,4.05,6.22%,5.38%
CDNS,0.71866,3.86,1.08,59.20%,15.00%,10.66%,55.55%,2.52,,8.59,1.31,4.68,1.55,0.69658,29.08,0.72397,,,2.07,1.32%,88.72%,0.9287,23.00%,0.00%,42.68%,9.22,274.8M,2.86M,278.93M,1.91,1.19%,1.03%
CPB,1.68,5.82,0.732,86.10%,7.20%,6.66%,36.40%,8.85,2.93,9.14,0.722,2.38,0.85,6.32,227.8,1.04,1.48,3.15%,3.01,35.54%,53.76%,1.51,15.37%,58.09%,20.02%,29.27,193.21M,19.3M,302.94M,6.69,9.87%,6.37%
COF,nan,5.18,2.38,118.20%,26.10%,0.67%,4.60%,18.26,1.9,120.6,40.51,88.25,,40.54,,nan,1.6,1.37%,18.26,0.89%,92.27%,nan,17.87%,19.27%,14.86%,39.88,454.55M,3.93M,459M,1.07,0.86%,0.86%
CAH,2.75,4.7,1.38,185.90%,4.50%,2.76%,93.05%,156.45,3.18,6.7,3.74,12.73,1.17,6.73,340.91,1.45,,,6.87,0.18%,87.74%,3.4,1.21%,41.69%,0.88%,534.88,293.09M,4.04M,293.67M,2.29,1.57%,1.37%
KMX,1.27,4.55,0.75191,35.90%,8.00%,3.11%,19.21%,19.88,,25.32,0.23664,1.46,2.6,15.5,375.46,0.57224,,,3.18,0.31%,100.47%,0.74969,5.18%,0.00%,3.78%,121.75,161.92M,7M,162.54M,4.05,4.87%,4.31%
CCL,-2.68,-13.21,-10.24,,-99.30%,-6.23%,-44.58%,5.59,4.23,18.91,9.51,8.52,1.22,28.39,138.12,-8.01,,,0.834,9.63%,43.71%,-6.3,-87.90%,,-182.98%,7.22,988.42M,70.1M,932.49M,2.03,10.30%,6.28%
CARR,3.27,nan,1.98,100.90%,2.10%,7.73%,19.09%,17.46,,,3.12,3.59,1.67,10.87,165.23,2.2,0.48,1.21%,5.11,0.04%,84.06%,1.69,16.82%,5.79%,11.35%,20.15,867.02M,10.23M,869.21M,1.87,1.32%,1.18%
CTLT,0.787,1.8,0.2915,94.30%,26.30%,4.48%,11.27%,3.46,,20.31,0.8331,4.89,2.46,3.06,80.21,-0.2561,,,0.9833,0.59%,100.28%,0.5181,14.88%,0.00%,9.98%,21.7,169.41M,2.09M,170.23M,2.18,1.61%,1.23%
CAT,7.02,5.46,3,-29.00%,-14.50%,3.66%,20.01%,41.75,2.86,28.16,8.82,16.2,1.53,37.16,241.66,1.97,4.12,2.08%,10.13,0.19%,69.59%,6.33,10.98%,75.46%,7.18%,76.73,543.33M,4.46M,543.26M,1.39,0.82%,0.82%
CBOE,0.8645,4.55,0.467,1.20%,41.00%,7.68%,13.97%,3.43,1.24,28.09,0.3378,3.13,1.19,1.34,39.89,nan,1.68,1.91%,1.25,0.53%,84.61%,nan,20.84%,36.53%,13.66%,31.41,107.17M,2.55M,108.04M,2.87,2.98%,2.28%
CBRE,1.64,3.19,1.08,-28.20%,-4.70%,4.55%,17.77%,24.04,,20,1.48,4.52,1.26,4.4,66.67,1.45,,,5.21,0.70%,97.95%,1.91,4.75%,0.00%,4.48%,71.74,324.65M,6.19M,335.46M,3.76,2.21%,1.84%
CDW,1.64,5.45,0.7885,28.40%,9.20%,8.50%,69.86%,18.47,1.02,9.09,1.41,9.88,1.53,4.62,356.24,0.42449,1.6,1.02%,3.21,0.92%,94.39%,1.31,6.39%,29.98%,4.27%,129.51,141.2M,1.73M,142.99M,2.08,1.38%,1.21%
CE,1.05,16.75,2,3279.10%,11.10%,4.26%,59.00%,5.66,2,30.48,1.49,12.86,1.91,3.93,100.92,nan,2.72,2.08%,1.29,0.74%,102.09%,nan,12.29%,14.72%,35.10%,48.01,114.75M,1.32M,116.89M,1.46,1.29%,1.13%
CNC,5.47,3.12,1.81,,46.40%,4.80%,9.28%,104.28,,44.32,12.38,21.29,1.08,16.78,64.63,7.26,,,18.02,1.82%,95.05%,5.5,4.04%,0.00%,1.73%,182.72,571.56M,8.48M,581.48M,2.21,1.66%,1.46%
CNP,2.84,-1.88,-0.701,-55.20%,-2.20%,2.93%,-6.51%,12.12,4.21,10.89,1.06,1.96,0.73,13.35,159.1,-0.05188,0.64,3.01%,3.32,0.29%,98.01%,1.99,13.02%,,-6.73%,23.33,543.34M,16.8M,544.82M,4.06,3.47%,3.08%
CERN,1.56,2.52,0.78009,-8.30%,-3.30%,7.52%,17.73%,5.51,,14.63,1.06,3.45,2.27,1.49,33.33,0.9258,0.88,1.11%,4.57,0.14%,87.24%,1.44,15.76%,30.16%,14.17%,17.95,305.82M,13.54M,306.59M,8.91,4.96%,4.42%
CF,1.54,1.32,0.285,,-18.40%,3.35%,7.30%,4.07,3.43,13.21,0.553,2.59,1.72,4.25,77.59,0.83912,1.2,2.78%,1.17,0.52%,94.08%,1.24,16.33%,90.23%,7.00%,18.89,212.37M,3.66M,213.92M,1.39,2.25%,1.71%
SCHW,nan,2.12,3.04,33.20%,60.20%,,12.43%,11.69,1.11,20.22,57.56,30.67,,9.27,29.58,nan,0.72,1.29%,11.34,7.11%,70.38%,nan,40.14%,33.96%,28.22%,8.18,1.66B,14.32M,1.8B,1.53,0.86%,0.76%
CHTR,18.1,15.4,3.22,74.50%,7.30%,3.59%,10.64%,48.1,,122.88,0.998,5.15,0.4,84.16,277.93,5.06,,,21.2,31.95%,75.08%,14.56,17.46%,0.00%,6.70%,236.56,122.26M,8.23M,193.73M,6.82,7.90%,4.25%
CVX,12.52,-2.96,-5.54,,-28.10%,,-4.01%,94.47,4.35,70.57,6.89,3.69,,34.81,26.36,nan,5.16,5.58%,43.98,0.04%,62.86%,10.6,-7.39%,,-5.87%,50.52,1.87B,14.74M,1.93B,1.46,0.77%,0.77%
CMG,0.6068,12.52,0.35577,163.70%,11.60%,4.15%,19.21%,5.98,,72.14,0.9516,33.99,1.73,3.16,156.28,0.20929,,,2.07,1.15%,97.69%,0.66385,6.15%,0.00%,5.95%,214.37,27.62M,704.44k,28M,2.76,2.83%,2.52%
CB,4.03,7.79,3.53,106.10%,13.00%,1.27%,6.16%,36.05,2.11,131.88,6.09,13.52,0.34,17.1,28.77,nan,3.12,1.90%,7.01,0.44%,91.51%,nan,10.38%,39.67%,9.80%,79.83,447.76M,2.94M,451.37M,2.16,0.66%,0.65%
CHD,1.22,3.12,0.7859,4.00%,13.20%,9.15%,27.63%,4.9,1.37,12.18,0.1831,0.74,0.8,2.16,71.64,0.84146,1.01,1.22%,2.21,0.19%,86.02%,0.9903,21.03%,30.77%,16.05%,19.84,247.29M,4.3M,245.35M,2.9,2.00%,1.75%
CI,11.59,22.96,8.46,323.20%,9.20%,3.53%,17.73%,160.55,0.02,141.84,11.51,32.45,0.77,32.92,65.33,13.19,4,1.89%,24.36,1.51%,91.33%,10.35,5.47%,0.28%,5.27%,435.82,353.52M,4.52M,350.57M,2.51,1.28%,1.27%
CINF,1.64,7.49,1.22,67.60%,25.20%,3.67%,11.77%,7.54,2.66,67.05,0.9,5.59,1.19,0.899,8.33,nan,2.52,2.76%,1.57,6.85%,67.57%,nan,20.61%,32.04%,16.14%,46.79,147.01M,6.47M,160.9M,7.41,4.98%,4.02%
CTAS,1.52,8.91,0.95656,15.70%,-4.70%,9.44%,28.76%,6.93,0.98,34.27,0.70317,6.7,2.06,2.84,78.91,1.06,3,0.88%,3.23,14.44%,66.67%,1.29,17.79%,39.39%,13.90%,66.5,89.7M,941.48k,105.03M,1.84,1.06%,0.90%
CSCO,14.63,2.39,10.13,-11.60%,-0.40%,8.71%,27.14%,48.03,3.03,9.26,30.59,7.24,1.61,14.55,37.2,12.03,1.44,2.97%,31.68,0.06%,74.11%,15.11,26.98%,57.89%,21.09%,11.36,4.22B,47.76M,4.23B,2.39,1.13%,1.13%
C,nan,4.87,10.22,-7.00%,3.90%,0.54%,5.80%,58.37,2.07,86.59,979.41,470.44,,500.72,,nan,2.04,3.23%,58.37,0.22%,76.17%,nan,24.02%,41.80%,19.48%,27.98,2.08B,22.22M,2.08B,1,1.07%,1.07%
CFG,nan,2.22,0.95,1.30%,3.70%,0.61%,4.71%,5.29,2.95,48.49,14.95,35.01,,8.72,,nan,1.56,3.90%,5.29,0.41%,99.75%,nan,26.91%,70.27%,19.99%,12.39,424.95M,6.83M,427.21M,1.73,1.83%,1.60%
CTXS,0.72149,4,0.50445,-45.90%,0.00%,8.36%,106.22%,3.24,,0.92,0.87701,7.13,0.93,1.98,"1,762.70",0.94843,1.48,1.08%,2.77,0.66%,94.61%,0.93581,19.18%,35.00%,15.58%,26.19,122.14M,5.11M,122.96M,3.08,5.55%,4.17%
CLX,1.73,9.56,1.22,40.00%,27.10%,15.58%,127.03%,7.52,2.42,9.42,0.732,5.82,1.21,3.16,228.77,1.06,4.44,2.41%,3.06,0.17%,85.84%,1.68,20.40%,45.40%,16.28%,59.64,125.34M,10.7M,125.79M,6.08,9.75%,8.51%
CME,3.1,5.88,2.11,-9.70%,-3.30%,1.65%,8.02%,4.88,1.81,73.51,1.73,4.84,1.01,3.44,13.07,nan,,,4.88,1.39%,86.90%,nan,54.01%,55.00%,43.11%,13.64,353.43M,5.86M,358.99M,3.53,1.84%,1.63%
CMS,2.38,2.64,0.755,-5.40%,0.20%,3.01%,13.51%,6.68,2.74,19.24,0.168,0.59,1.53,15.2,250.06,0.54863,1.74,3.08%,1.36,0.45%,92.85%,1.28,20.39%,61.74%,11.30%,23.44,284M,3.77M,286.33M,1.8,1.52%,1.32%
KO,11.33,1.79,7.75,-28.70%,-5.00%,7.05%,36.66%,33.01,3.22,4.49,10.91,2.54,1.32,42.79,201.06,7.1,1.64,3.26%,19.58,0.70%,68.20%,9.84,29.68%,91.62%,23.47%,7.69,3.87B,22.72M,4.3B,1.04,0.53%,0.53%
CTSH,2.95,2.57,1.39,-20.00%,-2.30%,9.03%,12.74%,16.65,,20.44,2.72,5.14,1.93,1.76,16.22,2.67,,,6.05,0.24%,93.76%,3.3,14.38%,34.24%,8.36%,30.84,528.36M,8.15M,530M,3.58,1.54%,1.54%
CL,4.34,3.14,2.7,0.60%,7.70%,15.35%,344.79%,16.47,2.32,0.87,0.925,1.08,1.05,7.6,690.37,3.13,1.76,2.24%,10.02,0.23%,80.69%,3.72,23.08%,55.73%,16.36%,19.22,795.47M,8.65M,857.17M,1.7,1.08%,1.01%
CMCSA,30.59,2.28,10.53,6.90%,-2.40%,4.07%,12.01%,103.56,1.8,19.72,11.74,2.56,0.93,113.39,121.9,13.47,1,1.90%,70.44,0.67%,85.68%,24.74,16.89%,40.35%,10.17%,22.64,4.54B,78.77M,4.57B,4.02,1.73%,1.72%
CMA,nan,3.27,0.459,-20.10%,-6.40%,0.59%,6.17%,2.38,2.95,55.01,16.23,116.54,,6.13,,nan,2.72,4.42%,2.38,1.03%,81.08%,0.928,26.99%,83.18%,19.96%,17.09,137.91M,2.7M,139.17M,1.92,2.23%,1.94%
CAG,2.43,2.27,1.11,45.50%,6.20%,5.77%,13.80%,11.52,2.57,17.18,0.068,0.14,0.83,9.54,112.64,1.18,1.1,3.19%,3.1,0.41%,84.75%,1.96,17.94%,40.20%,9.67%,23.6,486.38M,12.48M,488.58M,2.72,3.40%,2.56%
COP,4.77,-2.51,-2.7,,-28.80%,-1.52%,-8.18%,19.22,2.81,27.95,7.86,7.36,2.25,15.37,51.49,0.78975,1.72,3.70%,6.79,0.04%,75.96%,4.8,-8.43%,,-14.06%,17.83,1.07B,17.17M,1.35B,1.44,1.27%,1.27%
ED,4.39,4.05,1.35,4.20%,-1.00%,2.73%,7.64%,12.24,3.57,55.37,0.153,0.46,0.59,24.02,128.38,-1.15,3.1,4.32%,6.77,0.16%,64.81%,2.54,20.66%,74.94%,11.06%,36.68,334.34M,6.19M,334.92M,2.16,1.85%,1.85%
STZ,3.26,10.36,2.01,255.40%,21.90%,6.76%,15.96%,8.56,1.24,68.88,0.1529,0.79,1.69,10.98,80.46,1.52,3,1.25%,4.29,9.74%,84.62%,2.84,34.57%,28.90%,23.51%,44.38,165.32M,1.84M,170.03M,1.45,1.13%,0.95%
COO,0.689,4.81,0.2384,-32.90%,-1.40%,3.86%,6.40%,2.43,0.02,77.89,0.1159,2.36,1.27,2.08,54.39,0.17389,0.06,0.02%,1.62,0.57%,99.58%,0.4866,16.53%,1.25%,9.81%,49.51,48.82M,685.13k,49.14M,2.59,1.80%,1.39%
CPRT,0.95623,2.85,0.68201,-8.20%,6.90%,16.28%,29.41%,2.24,,11.48,0.60573,2.57,2.79,0.52594,19.4,0.16979,,,1.01,11.74%,82.80%,0.96396,38.29%,0.00%,30.39%,9.58,209.69M,2.7M,236.13M,2.23,1.47%,1.15%
GLW,2.87,0.54,0.414,687.50%,18.90%,2.82%,3.87%,11.3,2.43,14.32,2.67,3.49,2.12,8,59.46,0.878,0.96,2.61%,4,0.32%,76.80%,2.18,11.93%,162.96%,4.53%,14.85,762.45M,7.67M,764.01M,1.71,1.01%,1.00%
CTVA,2.02,-1.28,0.736,,7.50%,1.24%,3.05%,14.22,,32.47,3.8,5.11,1.73,1.1,4.41,2.43,0.52,1.19%,5.71,0.09%,82.46%,2.06,5.93%,53.06%,4.79%,18.99,742.23M,7.64M,743.46M,2.02,1.03%,1.03%
COST,8.07,9.74,4.32,38.20%,16.70%,7.16%,27.81%,172.93,0.98,33.55,14.42,32.56,0.98,10.2,66.62,10.38,2.8,0.80%,21.93,0.22%,70.04%,9.41,3.70%,28.23%,2.50%,390.73,441.68M,3.63M,442.96M,1.45,0.82%,0.82%
REIT ,3.56,2.35,0.999,287.80%,11.00%,3.15%,10.59%,5.84,3.51,21.95,0.232,0.54,0.56,25.42,268.65,1.04,5.32,3.28%,3.87,0.41%,92.76%,3.06,33.34%,209.79%,18.08%,13.81,428.82M,4.02M,431.3M,1.9,1.07%,0.93%
CSX,5.79,3.6,2.76,-1.40%,-2.10%,7.07%,22.14%,10.58,1.56,17.18,3.13,4.11,2.2,17.21,131.24,1.81,1.04,1.17%,5.75,0.11%,76.66%,4.26,41.69%,28.89%,26.13%,13.82,761.51M,8.34M,762.51M,1.96,1.10%,1.09%
CMI,2.58,12.01,1.79,67.00%,4.50%,5.64%,20.75%,19.81,2.86,54.6,3.86,26.16,1.88,4.66,51.82,1.46,5.4,2.22%,4.89,0.32%,85.28%,2.72,9.65%,43.99%,9.03%,133.68,147.01M,2.73M,148.01M,2.39,1.85%,1.85%
CVS,18.51,6.05,7.95,-20.00%,3.60%,3.89%,12.06%,265.28,2.73,52.56,12.09,9.23,0.95,87.27,126.28,11.91,2,2.72%,44.52,0.17%,78.00%,14.93,5.32%,33.06%,3.00%,202.97,1.31B,15.54M,1.31B,2.36,1.19%,1.19%
DHI,3.56,7.4,2.73,83.60%,47.60%,12.05%,23.57%,22.22,1.13,34.33,2.39,6.57,6.25,4.3,33.69,0.30911,0.8,0.96%,4.62,8.70%,84.14%,1.28,15.66%,9.81%,12.30%,60.97,331.92M,5.88M,363.7M,1.68,2.00%,1.62%
DHR,6.01,4.89,3.51,-2.70%,38.90%,3.83%,10.41%,22.28,0.54,51.33,6.03,8.49,1.87,21.2,53.31,4.39,0.72,0.30%,12.47,11.28%,81.53%,6.21,18.99%,14.72%,16.36%,31.56,630.59M,4.92M,710.38M,1.81,0.78%,0.69%
DRI,0.4382,-0.92,-0.1122,288.70%,-19.40%,0.69%,-4.74%,6.8,2.81,18.84,0.7773,5.96,0.72,5.77,234.96,0.12388,1.48,1.15%,1.41,0.78%,93.03%,0.6999,1.59%,,-1.70%,53.76,129.76M,3.75M,130.33M,2.48,3.71%,2.88%
DVA,2.43,6.68,0.83213,10.80%,0.70%,6.51%,30.61%,11.54,,13.84,0.72987,6.52,1.37,11.11,363.27,1.17,,,3.47,2.95%,97.91%,2.17,15.57%,0.00%,7.32%,92.9,108.82M,2.59M,121.99M,4.36,3.55%,2.31%
DE,5.45,8.69,2.75,5.10%,-1.70%,3.84%,22.59%,35.51,1.96,41.25,6.83,21.79,2.31,46.39,358.4,2.32,3.04,0.97%,8.96,0.24%,81.16%,7.48,12.81%,34.98%,7.75%,113.28,281.23M,2.22M,314.42M,1.37,0.79%,0.71%
DAL,-1.82,-19.49,-12.39,,-65.30%,-3.88%,-148.23%,17.1,2.31,2.13,14.1,22.2,1.09,36.65,"2,708.65",nan,,,-4.13,0.35%,61.37%,nan,-24.80%,,-72.45%,26.88,632.66M,13.4M,637.73M,1.06,2.11%,2.10%
XRAY,0.6293,-0.36,-0.0792,-36.70%,-7.00%,2.21%,-1.61%,3.37,0.68,21.79,1.27,5.82,2.19,2.33,48.96,0.79484,0.4,0.70%,2.19,0.35%,100.62%,0.6708,9.04%,,-2.35%,15.32,217.77M,2.7M,218.56M,1.97,1.41%,1.24%
DVN,1.38,-8.57,-2.47,,-28.80%,-13.61%,-50.73%,4.34,1.67,7.89,1.71,4.46,2.04,4.55,144.54,0.717,0.44,2.23%,2.23,0.63%,84.16%,1.55,-62.10%,,-74.28%,11.5,329.26M,14.97M,673.11M,0.9,2.39%,2.22%
DXCM,0.3564,2.42,0.2311,57.60%,26.40%,6.50%,20.42%,1.82,,15.62,2.6,27.11,6.39,1.82,121.29,0.06246,,,0.9315,0.38%,98.82%,0.4473,17.20%,0.00%,12.69%,19.52,95.43M,3.76M,96.03M,3.96,3.94%,3.91%
FANG,2.17,-26.84,-4.26,,-26.30%,2.16%,-33.55%,2.99,,60.51,0.092,0.58,0.45,5.86,54.92,-0.75812,1.5,2.24%,3.1,0.94%,94.99%,2.6,24.43%,,-142.55%,18.83,156.91M,7.47M,157.97M,2.29,6.24%,4.73%
DLR,1.79,2.17,0.53474,,29.90%,1.22%,4.55%,3.55,3.39,59.73,0.97131,3.47,0.82,14.32,77.67,3.75,4.48,3.09%,2.02,0.30%,96.57%,1.58,16.04%,188.94%,17.88%,14.66,279.19M,6.46M,280.16M,3.63,2.64%,2.31%
DFS,nan,3.6,1.1,12.90%,35.80%,1.01%,10.03%,7.9,2.2,35.45,25.7,83.72,1.34,21.24,195.16,nan,1.76,1.90%,5.41,0.53%,88.75%,nan,18.17%,48.89%,14.44%,25.73,304.96M,3.87M,307M,1.31,1.26%,1.26%
DISCA,4.29,1.8,1.27,14.50%,-4.40%,5.57%,13.11%,10.66,,14.81,2.16,0.65,1.99,15.49,128.65,5.78,,,7.39,2.85%,130.64%,3.42,27.70%,0.00%,13.36%,17.28,2.22B,45.52M,160.47M,4.1,33.35%,9.27%
DISCK,4.29,1.8,1.27,14.50%,-4.40%,5.57%,13.11%,10.66,,14.81,2.16,0.65,1.99,15.49,128.65,5.78,,,7.39,4.83%,87.63%,3.42,27.70%,0.00%,13.36%,17.28,2.22B,12.51M,324.17M,2.01,4.90%,2.55%
DISH,3.17,2.45,1.42,42.80%,43.00%,4.55%,12.71%,14.18,,24.13,2.8,5.31,0.77,14.21,106.67,0.69126,,,4.27,14.19%,80.17%,3.35,17.44%,0.00%,10.01%,27.31,245.47M,40.83M,287.57M,7.36,18.77%,7.76%
DG,3.96,10.1,2.55,57.10%,17.30%,8.77%,37.37%,32.49,1.03,28.51,2.2,8.98,1.28,13.46,192.7,2.44,1.44,0.72%,8.49,0.20%,95.10%,3.96,10.49%,13.86%,7.84%,129.63,244.43M,3.19M,245M,1.46,1.64%,1.30%
DLTR,2.71,4.05,0.9621,29.00%,7.50%,6.29%,14.71%,25.06,,29.6,1.12,4.76,1.28,9.78,140.55,1.29,,,8.95,1.34%,91.73%,2.59,8.11%,0.00%,3.84%,105.77,232.09M,3.07M,235.19M,1.71,1.69%,1.31%
D,8.15,-0.22,2.15,-63.50%,-4.60%,3.16%,7.06%,16.72,4.22,29.35,0.425,0.52,1.13,38.93,138.69,-7.14,2.52,3.45%,7.97,0.28%,69.79%,6.3,31.27%,139.98%,-0.44%,20.03,813.49M,7.83M,815.82M,2.2,0.96%,0.96%
DPZ,0.72731,11.69,0.46873,14.80%,17.90%,30.88%,,3.91,0.86,-81.53,0.33072,8.39,1.96,4.34,,0.29082,3.12,0.82%,1.01,0.74%,92.37%,0.54275,17.57%,25.64%,11.98%,99.53,39.1M,1.32M,39.4M,2.38,4.37%,3.35%
DOV,1.21,4.7,0.68345,8.30%,0.30%,6.54%,21.30%,6.68,2.1,23.52,0.51308,3.56,1.51,3.11,91.82,0.81384,1.98,1.62%,2.47,0.89%,85.50%,1.1,13.96%,41.91%,10.23%,46.4,143.23M,1.35M,144.1M,1.72,1.07%,0.93%
DOW,5.43,1.64,1.22,,4.90%,2.71%,9.55%,38.54,,16.73,5.15,6.92,1.72,19.23,147.84,4.31,2.8,4.86%,5.18,0.09%,68.00%,6.23,6.87%,170.73%,3.18%,52.05,742.92M,8.57M,743.92M,1.94,1.15%,1.15%
DTE,3.03,7.07,1.36,49.20%,5.30%,2.97%,11.66%,12.04,3.16,63.67,0.945,4.88,1.12,19.82,158.73,-1.37,4.34,3.56%,3.42,0.58%,74.88%,3.53,16.36%,57.37%,11.30%,62.77,192.27M,1.73M,193.56M,1.94,1.16%,0.89%
DUK,11.05,2.73,2.01,-2.80%,-3.20%,2.21%,3.90%,23.77,4.22,59.84,0.311,0.42,0.52,65.62,138.76,-0.96588,3.86,4.27%,11.56,0.10%,64.65%,9.34,23.64%,138.69%,8.89%,32.38,734.92M,7.22M,735.96M,2.71,0.98%,0.98%
DRE,0.58521,0.81,0.29836,94.50%,15.30%,2.03%,5.87%,1,2.72,13.88,0.00631,0.02,1.25,3.39,64.67,nan,0.98,2.34%,0.72041,0.12%,99.82%,nan,28.33%,162.07%,29.86%,2.71,371.31M,5.63M,371.95M,2.92,1.81%,1.51%
DD,4.79,-4.02,-2.9,26.10%,0.90%,1.51%,-7.13%,20.4,2.98,52.44,2.54,3.46,2.32,21.81,55.83,2.85,1.2,1.71%,6.88,0.09%,78.24%,4.1,8.30%,,-14.47%,27.73,733.02M,67.1M,536.44M,3.66,9.15%,9.14%
DXC,2.53,-11.21,-2.85,1239.00%,-14.60%,1.81%,-37.67%,18.16,1.71,22.23,3.92,15.39,1.1,7.8,130.14,2.5,,,4.68,0.74%,86.81%,0.692,4.25%,,-15.67%,71.52,252.49M,6.26M,254.59M,1.71,2.79%,2.46%
EMN,1.56,3.5,0.478,23.10%,-0.90%,,8.02%,8.47,2.82,44.86,0.65,4.78,,6.06,98.36,nan,2.76,2.59%,1.98,0.56%,87.62%,1.46,11.61%,76.29%,5.64%,62.53,135.06M,1.68M,135.47M,1.84,1.40%,1.24%
ETN,2.63,3.49,1.41,5.10%,-10.50%,3.53%,9.10%,17.86,3.23,37.45,1.1,2.76,1.55,8.38,55.99,nan,2.92,2.44%,5.45,0.18%,83.12%,nan,10.21%,83.67%,7.90%,44.4,397.7M,2.35M,398.6M,1.23,0.59%,0.59%
EBAY,3.33,7.89,2.54,52.00%,28.30%,9.06%,79.05%,10.27,,5.21,3.83,5.62,1.8,8.32,233.56,1.56,,,7.8,3.66%,94.52%,2.42,26.45%,18.08%,55.18%,14.47,655.15M,19.43M,689.34M,2.43,2.99%,2.84%
ECL,3.04,-3.74,1.2,-47.00%,-6.40%,6.54%,16.55%,14.31,1.06,21.07,1.03,3.62,1.61,7.35,121.5,2.09,1.92,0.89%,6.22,0.53%,88.36%,2.03,14.23%,45.86%,-7.52%,49.75,253.12M,2.07M,285.44M,2.33,0.83%,0.73%
EIX,4.57,0.96,0.356,,24.10%,2.60%,2.30%,13.39,3.44,36.32,0.092,0.24,0.68,22.85,146.02,-2.62,2.65,4.54%,6.74,0.06%,90.97%,1.58,20.65%,277.17%,2.66%,36.34,378.12M,6.39M,378.51M,4.04,1.82%,1.69%
EW,1.42,1.3,0.8234,10.50%,1.50%,11.99%,18.88%,4.39,,7.34,1.4,2.25,3.46,0.6949,15.19,nan,,,3.31,0.68%,87.59%,nan,30.02%,0.00%,18.77%,7.05,618.42M,4.47M,623.25M,1.71,0.73%,0.72%
EA,1.43,4.05,1.18,-39.00%,5.00%,6.74%,15.51%,5.67,,27.61,6.71,23.33,2.21,1.29,16.23,1.77,0.68,0.47%,4.17,0.39%,93.39%,2.06,22.43%,4.19%,20.79%,19.6,286.18M,7.19M,287.63M,2.51,2.51%,2.50%
EMR,3.69,3.45,2.08,36.50%,0.20%,8.18%,24.29%,16.79,3.08,14.88,2.2,3.66,1.21,8.16,91.27,2.56,2.02,2.37%,7.03,0.68%,76.27%,3.47,17.45%,58.12%,12.41%,27.99,595.56M,7.62M,600.03M,3.16,1.28%,1.27%
ENPH,0.20366,0.95,0.134,-37.40%,26.10%,12.18%,35.44%,0.77443,,3.81,0.67938,5.35,1.75,0.34791,71.88,0.15195,,,0.34598,8.80%,77.62%,0.21633,24.08%,0.00%,17.30%,6.17,118.33M,6.2M,126.33M,1.22,5.81%,4.90%
ETR,3.78,6.89,1.39,42.70%,-7.50%,2.24%,13.00%,10.21,4.05,53.8,1.24,6.19,0.59,22.06,200.08,-0.47146,3.8,4.02%,4.27,0.27%,88.35%,3.07,18.75%,53.91%,13.57%,51.07,199.51M,2.14M,200.23M,1.34,1.22%,1.07%
EOG,5.43,-0.53,-0.30552,,-45.00%,-0.27%,-1.48%,11.3,1.23,34.54,3.07,5.26,1.69,5.98,29.66,1.66,1.5,2.49%,9.12,0.33%,89.87%,5.69,-1.38%,,-2.70%,19.52,581.46M,10.66M,583.38M,2.18,2.04%,1.83%
EFX,1.08,4.24,0.5201,709.80%,23.50%,4.83%,18.04%,4.13,1.15,26.01,1.68,13.83,1,4.38,136.39,0.428,,,2.39,0.38%,91.23%,0.9462,16.40%,43.21%,12.60%,33.97,121.42M,1.93M,121.8M,3.42,1.79%,1.59%
REIT ,2.54,4.18,0.36978,-59.20%,12.20%,2.73%,3.80%,6,1.83,119.33,1.6,18.01,1.28,13.92,130.93,2.47,10.64,1.48%,2.92,0.45%,96.45%,2.31,18.59%,254.55%,6.16%,68.4,88.67M,984.72k,89.1M,2.13,1.27%,1.11%
EQR,1.67,2.55,0.94745,-65.80%,-9.10%,2.52%,9.12%,2.64,3.26,28.15,0.17833,0.48,0.59,8.73,78.99,1.14,2.41,3.56%,1.79,1.51%,93.12%,1.4,31.80%,98.37%,35.97%,7.11,368M,9.99M,372.3M,4.12,3.61%,2.68%
ESS,1.02,8.69,0.56887,-25.70%,-14.70%,2.42%,9.47%,1.56,2.88,92.32,0.08404,1.29,0.64,6.33,101.77,nan,8.31,3.06%,1.09,2.62%,99.20%,nan,31.80%,95.63%,36.47%,23.83,63.57M,971.45k,65.2M,2.34,2.08%,1.49%
EL,2.79,2.53,0.928,56.70%,5.00%,7.15%,18.67%,14.19,1.1,14.95,5.56,15.32,1.9,8.08,148.17,2.05,,,10.75,4.29%,91.68%,3,15.12%,59.13%,6.54%,39.21,225.72M,1.62M,229.74M,1.31,0.71%,0.45%
ETSY,0.32821,1.86,0.232,520.00%,128.10%,9.77%,43.94%,1.38,,5.3,1.52,12.09,4.98,1.11,166.51,0.38403,,,0.54734,0.65%,90.94%,0.51387,21.07%,0.00%,16.83%,11.55,125.24M,6.16M,126.09M,1.75,4.92%,4.88%
EVRG,2.09,2.76,0.6312,-0.60%,-3.80%,2.74%,7.40%,4.95,3.05,38.8,0.3616,1.59,0.91,10.24,116.61,0.05474,2.14,3.87%,2.43,0.27%,83.51%,1.72,23.40%,72.40%,12.75%,21.78,226.01M,3.98M,226.83M,1.81,2.03%,1.75%
ES,2.97,3.52,1.18,8.60%,7.70%,3.03%,9.02%,8.72,2.92,40.78,0.72999,2.13,0.89,16.42,116.13,-0.80607,2.41,2.79%,4.12,0.34%,80.56%,2.01,23.17%,63.57%,13.57%,26.1,342.1M,2.67M,342.67M,1.63,0.89%,0.78%
RE,nan,12.78,0.51415,-70.80%,28.90%,1.28%,5.45%,9.59,2.35,243.25,1.94,48.43,1.88,1.91,19.64,-3.88,6.2,2.66%,0.6563,1.79%,101.17%,2.87,6.41%,37.58%,5.36%,238.97,39.21M,609.87k,39.98M,2.87,2.95%,1.53%
EXC,8.91,2.43,2.38,-35.10%,-0.90%,1.97%,6.70%,33.27,3.42,33.71,1.86,1.9,1.09,39.16,111.56,-0.084,1.53,3.58%,10.27,0.26%,80.94%,5.48,11.84%,62.14%,7.14%,34.08,973.47M,10.1M,975.57M,2.14,1.04%,1.04%
EXPE,-0.446,-19,-2.69,,-66.50%,-4.72%,-56.97%,5.2,0.98,10.68,3.39,,1.04,8.73,216.82,-3.69,,,3.52,12.77%,102.97%,-3.83,-29.12%,,-50.24%,36.76,,12.18M,135.94M,3.86,10.18%,8.61%
EXPD,0.89408,3.71,0.63485,19.40%,18.80%,13.00%,27.00%,8.99,1.34,14.78,1.47,8.66,2.28,0.42813,17.09,0.5033,1.04,1.09%,1.05,0.63%,95.55%,0.67857,9.33%,27.49%,7.06%,53.35,168.12M,3.8M,169.27M,3.37,2.59%,2.25%
EXR,0.87599,3.37,0.43732,6.10%,2.50%,4.78%,16.62%,1.36,3.46,18.51,0.0748,0.58,0.4,5.66,204.34,0.57481,3.6,3.06%,0.97941,2.48%,100.66%,0.74649,48.16%,106.82%,32.28%,10.51,126.23M,2.76M,131.36M,3.57,2.99%,2.10%
XOM,-9.1,-5.25,-22.44,,-26.20%,,-12.12%,181.5,4.86,41.96,8.83,2.09,,68.8,37.27,nan,3.48,6.98%,0.827,0.09%,52.20%,nan,-15.91%,,-12.36%,42.5,4.22B,47.02M,4.23B,1.56,1.11%,1.11%
FFIV,0.51022,4.81,0.29659,-11.00%,9.70%,5.78%,13.70%,2.41,,38.97,1.37,22.28,1.54,0.75873,31.59,0.59212,,,1.94,0.36%,99.53%,0.65425,16.86%,0.00%,12.33%,39.38,58.2M,2.81M,61.65M,3.34,5.15%,4.56%
FB,39.53,10.09,29.15,52.70%,33.20%,13.95%,25.42%,85.96,,45.03,61.95,21.76,5.05,11.18,8.71,16.01,,,69.27,0.63%,79.77%,38.75,38.01%,0.00%,33.90%,30.15,2.39B,23.28M,2.4B,1.04,0.97%,0.82%
FAST,1.3,1.49,0.8591,9.70%,6.40%,18.36%,31.83%,5.65,2.55,4.76,0.2457,0.43,4.08,0.6501,23.78,0.76989,1.12,2.38%,2.57,0.32%,80.81%,1.1,20.19%,67.11%,15.21%,9.84,572.17M,12.33M,574.32M,3.69,2.45%,2.15%
FRT,0.51216,2.32,0.17521,,-11.60%,2.32%,6.93%,0.84776,3.4,28.66,0.86328,11.41,2.95,4.61,178.9,0.31552,4.24,4.33%,0.64245,0.86%,96.95%,0.38604,31.40%,180.69%,21.74%,11.25,74.95M,3.03M,75.65M,3.74,4.81%,4.01%
FDX,7.9,9.26,2.45,118.90%,18.70%,3.48%,12.35%,74.73,1.11,79.37,8.34,31.46,1.75,38.45,182.76,0.29388,2.6,1.02%,16.84,7.64%,74.70%,8.25,5.62%,21.22%,3.28%,285.23,244.66M,3.1M,265.07M,1.04,1.42%,1.17%
FIS,4.4,0.25,0.158,,-0.80%,0.51%,0.33%,12.55,1.19,79.39,1.96,3.15,0.8,20.01,40.44,3.73,1.56,1.15%,4.2,0.36%,93.83%,4.44,5.48%,560.00%,1.26%,20.28,618.97M,7.66M,620.51M,1.57,1.24%,1.24%
FITB,nan,1.83,1.32,-17.70%,-5.90%,0.76%,6.44%,6.51,2.96,29.46,3.71,5.2,,16.47,,nan,1.08,3.35%,6.51,0.32%,81.73%,nan,27.58%,59.02%,21.90%,9.11,709.55M,10.37M,712.76M,2.1,1.62%,1.45%
FE,2.43,1.34,0.613,16.10%,2.00%,1.90%,8.44%,10.73,4.18,13.25,0.26,0.48,0.7,22.58,314.14,-1.63,1.56,5.01%,7.69,0.25%,81.41%,1.58,11.98%,137.17%,6.76%,19.82,540.92M,16.56M,542.59M,3.68,4.38%,3.05%
FRC,nan,5.81,1.01,20.00%,20.40%,0.82%,9.85%,3.76,0.73,58.61,5.09,29.26,,13.53,,nan,0.8,0.51%,3.76,0.81%,99.32%,nan,36.65%,13.93%,28.30%,21.87,172.62M,4.07M,172.21M,3.85,2.38%,2.37%
FISV,4.48,1.4,0.958,21.50%,-5.30%,1.14%,2.86%,14.85,,47.46,0.906,1.33,1.04,20.68,62.06,3.83,,,7.04,0.42%,92.03%,4.15,9.35%,0.00%,6.45%,21.73,591.85M,10.01M,668.62M,2.03,1.80%,1.50%
FLT,1.23,8.12,0.70422,-10.90%,-11.70%,5.18%,19.93%,2.39,,40.1,0.9349,11.17,1,4.33,129.12,1.14,,,1.79,2.36%,97.22%,1.47,40.70%,0.00%,29.48%,28.44,81.66M,1.92M,83.67M,3.34,2.65%,2.30%
FLIR,0.43105,1.04,0.13903,-2.20%,-1.00%,6.49%,7.56%,1.89,1.41,13.79,0.32072,2.45,2.52,0.83394,46.1,0.23302,0.68,1.24%,0.9354,0.91%,92.60%,0.28974,17.62%,64.76%,7.36%,14.26,129.9M,3.25M,131.15M,0.83,2.82%,2.48%
FLS,0.44588,1.12,0.14686,-14.80%,-7.20%,4.81%,8.94%,3.82,1.84,12.87,0.92118,7.07,2.57,1.88,110.2,0.27053,0.8,2.05%,1.31,0.25%,101.09%,0.28515,10.03%,70.54%,3.85%,29.24,129.94M,3.8M,130.26M,5.19,4.49%,2.92%
FMC,1.25,4.22,0.5798,,-3.80%,6.78%,20.88%,4.64,1.27,22.99,0.5689,4.38,1.55,3.27,109.5,0.63581,1.92,1.74%,2.05,0.63%,91.77%,0.6478,23.43%,40.54%,11.88%,35.79,129.15M,1.07M,129.76M,1.42,0.94%,0.83%
F,4.81,-0.32,-1.28,,-9.50%,-0.60%,-3.99%,127.14,5.81,7.71,30.75,7.73,1.2,163,529.03,4.24,,,6.12,0.19%,52.10%,24.27,-1.97%,,-1.01%,32,3.9B,76.07M,3.91B,0.82,2.15%,1.91%
FTNT,0.5604,2.91,0.4885,27.30%,21.70%,7.75%,44.86%,2.59,,5.27,1.84,11.31,1.5,nan,,0.75305,,,2.02,16.47%,71.29%,1.08,18.95%,0.00%,18.83%,15.8,138.05M,2.73M,162.33M,2.83,2.35%,1.68%
FTV,0.9234,4.49,1.38,530.50%,-33.80%,2.01%,17.74%,4.63,,26.53,2.94,8.71,1.55,4.43,49.39,1.1,0.28,0.40%,2.61,4.38%,90.18%,1.44,11.64%,6.91%,34.81%,13.74,324.89M,7.68M,337.9M,4.07,3.03%,2.27%
FBHS,1.01,3.94,0.5531,57.20%,12.90%,7.85%,21.31%,6.09,1.31,19.71,0.4191,2.98,1.64,2.57,92.68,0.57725,1.04,1.15%,2.17,0.45%,89.99%,0.8257,14.07%,24.37%,9.08%,43.44,140.13M,1.35M,138.93M,1.66,1.10%,0.97%
FOXA,3.13,2.53,1.53,-25.30%,8.20%,8.17%,14.59%,12.66,,18.46,4.5,7.62,3.81,8.45,76,2.41,0.46,1.45%,4.5,1.62%,109.15%,2.86,22.29%,18.04%,12.08%,21,449.74M,20.47M,334.35M,2.85,6.17%,3.44%
FOX,3.13,2.53,1.53,-25.30%,8.20%,8.17%,14.59%,12.66,,18.46,4.5,7.62,3.81,8.45,76,2.41,0.46,1.51%,4.5,39.70%,60.03%,2.86,22.29%,18.04%,12.08%,21,449.74M,2.03M,256.19M,0.89,1.31%,0.34%
BEN,1.69,1.56,0.768,-1.50%,43.60%,5.19%,7.05%,6.17,3.01,20.58,3.98,7.87,3.3,4.36,36.24,0.0707,1.12,4.08%,2.24,42.87%,48.79%,1.28,24.38%,69.87%,12.86%,12.57,283M,19.73M,505.4M,5.45,6.83%,3.90%
FCX,3.85,0.41,0.599,7766.70%,14.90%,3.55%,4.79%,14.2,,6.93,3.66,2.49,2.72,9.71,52.02,1.1,,,4.27,0.77%,73.81%,3.02,16.58%,12.20%,4.22%,9.72,1.46B,17.25M,1.46B,0.71,1.34%,1.19%
GPS,0.156,-2.9,-1.08,-32.10%,-0.10%,-1.60%,-36.07%,14.05,4.21,6.34,2.65,7.08,1.44,7.94,334.71,0.92512,,,8,44.15%,58.02%,1.28,-2.60%,,-7.71%,37.67,267.95M,15.58M,374.03M,1.92,7.96%,4.17%
GRMN,1.08,5.33,1.02,37.50%,18.70%,9.75%,21.50%,3.94,3.27,26.69,1.65,8.65,2.98,0.05842,1.14,0.50807,2.44,1.93%,2.23,21.66%,52.03%,0.93383,24.37%,44.28%,25.89%,20.64,142.26M,1.65M,191.24M,2.7,1.10%,0.86%
IT,0.6546,2.37,0.21484,76.70%,-7.50%,4.22%,21.95%,4.19,,11.6,0.55372,6.2,0.74,2.97,285.94,0.61931,,,2.69,2.98%,94.42%,0.72567,10.94%,0.00%,5.13%,46.9,86.56M,950.2k,89.29M,2.48,1.24%,1.06%
GD,nan,nan,nan,,,,,nan,,,nan,,,nan,,nan,,,4.13,,,nan,,,,,,,,,,
GE,4.5,0.58,5.35,262.10%,-16.40%,-0.43%,16.94%,79.62,2.78,4.06,30.13,3.44,1.57,75.07,202.48,nan,0.04,0.35%,12.94,0.24%,62.11%,nan,-2.27%,6.78%,7.16%,9.1,8.74B,90.32M,8.76B,1.08,1.04%,1.03%
GIS,3.98,3.9,2.41,18.50%,6.80%,6.77%,27.03%,18.29,3.56,13.98,2.58,4.22,0.76,13.96,147.92,3.17,2.04,3.58%,6.16,0.17%,76.73%,3.65,18.58%,50.77%,13.16%,29.88,609.68M,22.15M,611.44M,4.09,3.63%,3.62%
GM,13.65,4.33,6.25,,21.70%,2.31%,13.22%,122.48,4.19,32.16,23.94,16.61,1.01,111.07,223.59,-9.12,,,14.5,7.21%,80.13%,16.67,6.99%,34.08%,5.25%,85.47,1.37B,17.8M,1.44B,0.6,1.25%,1.24%
GPC,1.37,-1.33,0.04539,0.00%,-3.40%,4.82%,1.36%,18.44,2.98,20.89,0.90012,6.24,1.23,3.69,121.49,2.16,3.16,3.14%,6.32,2.76%,80.15%,1.59,5.85%,1010.48%,-1.04%,127.38,141.36M,2.17M,144.29M,2.46,2.00%,1.50%
GILD,11.89,0.1,0.123,-42.50%,26.20%,10.08%,0.44%,24.69,3.1,14.53,7.91,6.31,1.39,38.79,212.88,nan,,,20.18,0.11%,80.07%,nan,42.49%,2720.00%,0.50%,19.64,1.25B,21.58M,1.25B,2.16,1.72%,1.72%
GL,0.99939,6.83,0.73177,9.20%,8.10%,,9.43%,4.74,0.78,67.43,0.34398,3.29,,1.95,23.67,nan,0.75,0.81%,1.28,2.00%,76.34%,nan,20.76%,10.99%,15.44%,44.67,95.92M,854.86k,104.66M,2.06,0.95%,0.82%
GPN,2.88,1.95,0.58452,77.70%,-2.90%,1.78%,2.18%,7.42,0.1,91.62,1.95,6.52,1.01,9.65,35.12,2.39,0.78,0.39%,3.8,0.66%,90.71%,2.31,17.03%,40.00%,7.87%,24.81,296.27M,3.2M,298.33M,1.71,1.24%,1.07%
GS,nan,24.74,8.92,135.10%,19.00%,0.88%,10.06%,41.46,1.64,238.19,550,"1,544.94",2.61,440,458.33,nan,5,1.65%,35.97,0.60%,70.68%,nan,38.35%,20.21%,22.81%,116.34,354.13M,4.27M,344.07M,1.2,1.25%,1.24%
GWW,1.51,12.83,0.695,63.10%,3.30%,13.49%,36.36%,11.8,1.99,39.85,0.585,11.14,2.72,2.4,114.53,0.77725,6.12,1.64%,4.24,13.66%,73.72%,1.12,11.25%,46.33%,5.89%,220.51,44.14M,623.94k,52.52M,1.63,1.66%,1.19%
HAL,1.64,-3.34,-2.94,,-37.60%,1.57%,-45.23%,14.44,2.54,5.62,2.56,2.88,2.14,10.98,220.31,1.41,0.18,0.93%,1.54,0.32%,77.32%,1.88,3.99%,,-20.39%,16.4,884.68M,31.2M,884.01M,2.58,3.95%,3.51%
HBI,0.94473,-0.21,-0.07558,,2.80%,6.75%,-7.37%,6.66,3.23,2.32,0.90944,2.59,1.62,4.51,554.25,1.11,0.6,3.25%,2.56,1.25%,94.96%,0.44847,12.19%,,-1.13%,18.89,347.93M,27.61M,348.32M,5.69,9.14%,7.93%
HIG,3.01,4.76,1.72,-2.00%,-0.60%,2.12%,9.98%,20.52,2.17,50.83,3.43,9.58,2.06,4.35,23.45,nan,,,7.01,0.43%,93.14%,nan,11.99%,27.31%,8.46%,57.28,357.22M,3.89M,358.5M,1.98,1.23%,1.08%
HAS,0.98536,1.62,0.22544,-60.70%,20.70%,4.58%,7.57%,5.47,2.63,21.37,1.45,10.55,1.6,5.1,172.2,0.94666,2.72,3.00%,2.79,7.65%,83.14%,0.97634,13.18%,167.90%,4.13%,39.82,128.12M,4.56M,137.03M,6.01,4.80%,3.33%
HCA,9.98,10.93,3.75,33.10%,5.70%,9.81%,377.05%,51.53,,1.66,1.79,5.19,1.42,32.68,"1,129.91",4.95,1.92,1.09%,19.29,21.70%,71.26%,9.23,14.09%,3.93%,7.28%,149.98,269.33M,2.45M,338.38M,1.83,0.92%,0.72%
PEAK,0.91866,nan,0.1437,236.40%,-18.80%,0.82%,2.29%,1.64,5.57,,0.04423,0.08,2.31,6.48,88.2,nan,1.2,3.92%,0.84399,0.15%,96.75%,nan,11.96%,548.15%,25.14%,3.1,537.38M,7.49M,538.4M,2.46,1.89%,1.39%
HSIC,0.76649,4.09,0.5915,0.80%,13.20%,4.84%,15.56%,9.62,,22.15,0.5335,3.74,1.49,1.4,34.16,0.46991,,,3.09,1.37%,98.12%,0.54162,6.00%,0.00%,6.14%,67.16,141.08M,4.49M,142.77M,6.23,4.09%,3.14%
HSY,2.12,6.11,1.28,40.60%,5.70%,13.22%,64.05%,8.15,2.32,10.74,1.14,5.49,1.57,4.6,205.67,nan,,,3.7,0.16%,76.75%,nan,22.42%,51.62%,15.69%,39.1,147.12M,1.82M,147.53M,2.2,1.39%,0.87%
HES,1.78,-10.15,-3.09,,-21.00%,-1.06%,-35.40%,4.54,1.92,17.59,1.74,5.7,1.9,9.08,143.25,-1.01,1,1.73%,3.61,10.88%,85.69%,1.33,-7.55%,,-68.08%,14.9,277.85M,7.11M,307.08M,3.77,3.49%,2.31%
HPE,4.28,-0.25,-0.322,-67.30%,-0.10%,1.96%,-1.94%,26.98,2.4,12.47,3.5,2.71,0.88,17.03,105.8,0.44738,0.48,3.38%,8.5,0.32%,84.27%,2.24,6.15%,,-1.19%,20.85,1.29B,25.25M,1.29B,2.76,2.25%,1.95%
HLT,0.646,-1.14,-0.316,,-59.90%,1.11%,,2.16,0.82,-4.77,3.4,12.27,1.99,11.7,,-0.04788,,,2.51,1.93%,101.69%,1.05,13.27%,,-14.62%,7.78,272.94M,9.55M,277.45M,3.41,3.51%,3.44%
HFC,0.34094,-2.62,-0.4231,,-36.30%,-0.25%,-5.46%,12.66,3.8,33.15,1.52,9.47,2.68,3.61,61.48,0.43729,1.4,4.47%,2.29,1.05%,89.07%,0.52826,-0.38%,,-3.34%,78.28,159.86M,10.34M,162.02M,4.07,7.20%,6.38%
HOLX,2.27,5.26,1.38,69.50%,89.30%,17.07%,49.87%,4.54,,12.69,0.8687,3.37,2.46,2.81,86.08,1.19,,,2.51,0.57%,96.99%,1.43,41.74%,0.00%,30.50%,17.42,256M,4.27M,257.66M,2.33,2.73%,1.66%
HD,21.93,11.56,12.49,23.90%,23.20%,20.42%,5514.35%,125.63,2.13,1.43,14.65,13.61,1.36,41.04,"2,673.88",16.76,6,2.15%,37.57,0.10%,71.43%,20.34,15.51%,50.65%,9.94%,116.7,1.08B,8.4M,1.08B,2.2,0.78%,0.78%
HON,6.7,6.72,4.78,-13.00%,-6.30%,5.78%,26.65%,32.64,2.01,25.35,15.22,21.69,1.47,22.38,125.77,4.65,3.72,1.84%,10.47,0.15%,78.47%,6.21,17.45%,54.02%,14.64%,46.35,665.59M,5.13M,701.69M,1.79,0.73%,0.73%
HRL,1.34,1.66,0.90808,-8.30%,-3.30%,7.94%,14.70%,9.61,1.82,11.9,1.73,3.21,2.38,1.36,21.13,0.51754,0.98,2.03%,1.91,47.78%,44.92%,1.13,11.91%,56.02%,9.45%,17.86,281.34M,19.43M,539.92M,6.12,6.89%,3.60%
HST,0.175,-0.83,-0.588,,-84.80%,-2.34%,-8.41%,2.66,4.69,9.08,2.43,3.44,32.08,6.25,96.35,0.38012,,,1.59,1.18%,98.27%,0.172,-18.41%,,-22.09%,3.76,697.64M,42.88M,705.33M,5.59,8.68%,6.08%
HWM,1.15,nan,0.209,-65.70%,-63.60%,3.48%,5.15%,5.26,,,1.61,3.72,2.21,5.07,141.76,0.77788,,,1.38,0.55%,90.25%,0.009,15.36%,4.17%,4.96%,12.09,388.69M,4.98M,432.91M,1.24,1.15%,1.15%
HPQ,4.71,2,2.84,72.20%,-1.00%,7.19%,,56.64,3.2,-1.71,5.14,3.99,0.79,7.4,,3.26,0.78,2.83%,10.44,0.22%,84.29%,4.32,6.92%,35.24%,5.02%,40.08,1.29B,16.55M,1.37B,1.96,1.45%,1.28%
HUM,5.6,25.31,3.37,,17.00%,9.73%,26.14%,77.16,0.63,106.53,17.23,133.69,1.76,6.98,50.85,2.22,2.5,0.66%,15.53,0.20%,94.99%,5.64,6.46%,9.88%,4.36%,583.63,128.52M,3.87M,128.86M,3.67,3.01%,3.00%
HBAN,nan,0.69,0.717,-0.30%,7.90%,0.70%,6.59%,3.77,3.55,10.62,6.77,6.66,,8.54,,nan,0.6,4.19%,3.77,1.01%,75.88%,nan,27.74%,86.96%,21.69%,3.7,1.01B,35.92M,1.02B,2.37,4.04%,3.53%
HII,1.02,14.58,0.596,44.20%,4.30%,6.21%,33.25%,9.02,1.48,46.42,0.744,18.37,1.29,2.47,131.17,0.44625,4.56,2.67%,1.53,2.45%,85.18%,1.06,8.61%,28.26%,6.61%,220.98,39.4M,692.05k,40.49M,1.95,2.00%,1.71%
IEX,0.62009,4.94,0.37778,4.40%,1.50%,8.15%,15.73%,2.35,1.24,33.5,1.03,13.53,4.15,1.04,41.11,0.41465,2,1.00%,1.03,0.21%,99.19%,0.56927,22.82%,40.49%,16.06%,31.05,75.61M,587.65k,75.71M,1.51,0.88%,0.78%
IDXX,0.78977,6.71,0.58178,93.10%,19.10%,21.04%,143.63%,2.71,,7.39,0.38393,4.49,1.82,0.90848,143.57,0.3281,,,1.57,1.05%,88.37%,0.64806,25.66%,0.00%,21.49%,31.72,84.6M,802.54k,85.3M,2.14,1.07%,0.94%
INFO,1.54,2.17,0.8707,-25.60%,-1.20%,3.68%,10.24%,4.29,,21.51,0.1256,0.32,0.62,5.27,61.7,1.05,0.8,0.86%,2.7,6.57%,91.41%,1.14,22.12%,31.34%,20.31%,10.81,394.53M,4.49M,421.71M,1.36,1.49%,1.13%
ITW,3.31,6.63,2.11,0.20%,0.20%,11.74%,67.90%,12.57,2.19,10.04,2.56,8.1,2.52,8.12,255.25,nan,4.56,2.27%,5.2,0.23%,80.16%,nan,22.92%,66.67%,16.77%,39.68,289.56M,3.47M,316.52M,3.64,1.17%,1.09%
ILMN,1.01,4.31,0.638,-23.50%,-12.50%,7.11%,13.96%,3.24,,32.19,3.32,22.77,3.88,1.9,40.53,0.72512,,,2.5,0.25%,93.29%,1.12,25.48%,0.00%,19.70%,22.03,145.51M,4.15M,146M,3.53,3.25%,2.84%
INCY,-0.18753,-1.36,-0.2957,35.00%,36.30%,-4.32%,-11.35%,2.67,,11.9,1.8,8.19,3.74,0.06172,2.36,-0.16589,,,0.27663,1.34%,94.48%,-0.1246,-9.05%,0.00%,-11.09%,12.23,185.71M,4.77M,219M,4.27,2.57%,2.18%
IR,0.638,-0.49,-0.1592,-28.60%,123.80%,1.45%,-2.97%,4.01,,21.01,1.31,3.14,2.43,4.04,45.75,0.1794,,,0.9117,0.29%,98.46%,0.6015,5.82%,0.00%,-3.97%,12.16,370.98M,4.45M,417.66M,2.52,1.28%,1.07%
INTC,36.12,4.94,20.9,-15.20%,-1.10%,10.31%,26.36%,77.87,2.58,19.95,23.89,5.88,1.91,36.93,45.57,12.39,1.39,2.36%,43.61,0.05%,66.41%,35.38,30.66%,26.72%,26.84%,18.54,4.06B,57.83M,4.1B,1.14,1.42%,1.42%
ICE,3.7,3.77,2.09,17.40%,28.70%,1.78%,11.40%,6.04,1.18,34.73,0.583,1.04,0.99,16.93,86.24,2.06,,,6.04,1.41%,93.99%,2.88,52.07%,31.83%,34.61%,10.94,555.86M,4.73M,561.71M,2.09,0.85%,0.84%
IBM,13.51,6.23,5.5,-63.10%,-6.50%,2.76%,26.38%,73.62,4.31,23.08,13.81,15.47,0.98,66.47,320.7,16.05,6.52,5.33%,35.58,0.13%,58.58%,18.2,9.26%,106.20%,7.59%,82.69,891.01M,26.83M,891.06M,3.16,3.01%,3.01%
IP,3.12,1.22,0.482,-7.30%,-4.70%,3.51%,6.19%,20.58,4.15,20.02,5.45,13.88,1.36,8.41,106.86,1.65,2.05,4.26%,6.31,0.23%,85.41%,3.06,8.90%,168.03%,2.34%,52.52,390.95M,6.62M,393.1M,2.47,2.06%,1.68%
IPG,1.3,1.45,0.5677,-65.90%,-6.10%,3.95%,20.69%,8.21,3.66,6.99,1.63,4.17,1.01,5.7,195.62,1.11,1.08,4.41%,1.81,0.70%,100.64%,1.43,12.34%,114.61%,6.91%,21.15,387M,12.95M,390.04M,3.72,5.13%,3.32%
IFF,0.91292,3.21,0.36323,-19.10%,-1.10%,2.74%,5.76%,5.08,2.1,56.35,0.65684,5.85,1.61,4.41,68.74,0.49318,3.08,2.27%,2.09,0.28%,98.50%,0.7141,11.56%,90.42%,7.14%,45.33,86.55M,44M,106.94M,6.37,63.99%,41.14%
INTU,2.56,7.45,1.97,247.40%,13.60%,18.68%,44.31%,7.84,0.85,19.97,5.79,22.05,3.09,2.63,50.22,2.15,2.36,0.58%,6.32,2.93%,88.31%,2.59,30.31%,29.26%,25.10%,29.97,255.31M,1.9M,274.05M,1.43,0.71%,0.69%
ISRG,1.33,8.82,1.06,2.10%,4.00%,6.34%,11.82%,4.36,,82.68,5.17,43.93,6.86,0.0799,0.82,0.90674,,,2.86,0.96%,90.18%,1.48,24.32%,0.00%,24.33%,37.25,116.63M,1.3M,117.72M,1.94,1.11%,1.10%
IVZ,1.51,1.13,0.5248,13.10%,-6.50%,2.16%,5.43%,6.15,5.53,31.15,1.41,3.06,,2.08,13.86,nan,0.62,2.73%,1.88,1.58%,93.69%,1.23,21.38%,68.58%,12.39%,13.38,339.28M,21.42M,459.17M,3.94,5.71%,4.66%
IPGP,0.30583,1.97,0.10578,-37.80%,-3.30%,4.77%,4.38%,1.17,,46.39,1.3,24.42,10.09,0.04448,1.8,0.22547,,,0.60621,32.91%,66.11%,0.32996,18.01%,0.00%,9.04%,22.04,36.19M,876.59k,53.3M,3.18,3.07%,1.64%
IQV,2.07,1.43,0.279,643.80%,13.90%,2.05%,4.91%,11.36,,31.39,1.9,9.95,1.12,12.9,205.48,1.77,,,3.86,0.74%,92.11%,1.96,6.89%,0.00%,2.46%,59.38,189.82M,2.3M,191.2M,2.74,1.35%,1.20%
IRM,1.43,0.46,0.13298,-64.30%,-2.40%,3.69%,10.34%,4.17,6.93,3.25,0.15197,0.53,0.6,11.09,"1,107.94",0.51474,2.47,7.44%,2.43,0.98%,86.35%,0.94573,19.32%,537.83%,3.19%,14.48,285.07M,33.98M,288.17M,6.63,16.28%,11.79%
JKHY,0.44916,3.89,0.2984,-0.20%,0.80%,10.62%,19.68%,1.71,1.11,20.31,0.14776,1.94,1.48,0.06703,4.34,0.2648,1.72,1.16%,0.6886,0.85%,92.85%,0.4895,22.17%,44.22%,17.41%,22.41,75.42M,1.64M,76.08M,3.14,2.86%,2.14%
J,1.13,nan,0.43153,0.00%,0.60%,4.78%,7.66%,13.59,,,1.38,10.59,1.66,2.73,44.47,0.73497,0.84,0.73%,2.59,0.87%,90.20%,1.06,7.02%,23.03%,3.62%,103.95,122.41M,1.38M,130.09M,2.08,1.21%,1.06%
JBHT,1.24,4.74,0.50604,6.40%,11.70%,7.81%,20.79%,9.64,0.92,24.61,0.3133,2.96,1.65,1.31,50.21,nan,1.12,0.76%,1.61,20.60%,75.11%,nan,7.40%,22.78%,5.25%,90.26,83.8M,1.77M,105.65M,2.37,2.66%,1.68%
SJM,1.89,7.73,0.8815,9.30%,3.90%,5.32%,10.61%,8.07,2.74,74.63,0.4056,3.56,0.77,5.3,62.22,1.38,3.6,3.16%,3,4.31%,85.28%,1.6,17.78%,45.80%,10.92%,70.75,109.63M,8.96M,111.59M,7.09,9.44%,8.03%
JNJ,26.97,5.51,14.71,-56.70%,8.30%,,23.74%,82.58,2.63,24.49,30.78,11.69,,37.76,58.56,nan,4.04,2.42%,54.16,0.08%,69.79%,nan,24.11%,72.23%,17.82%,30.92,2.63B,15.59M,2.63B,1.71,0.59%,0.59%
JCI,2.98,1.24,0.799,183.60%,-4.20%,3.21%,4.97%,22.08,2.75,24.51,1.84,2.55,1.18,9.23,49.04,2.34,1.04,2.02%,7.41,0.27%,93.50%,2.38,9.76%,96.30%,4.18%,29.87,717.86M,8.45M,718.37M,1.87,1.35%,1.18%
JPM,nan,8.88,27.41,42.40%,15.60%,0.96%,10.78%,102.06,2.58,81.75,1330,435.17,,630.3,,nan,3.6,2.58%,102.06,0.85%,71.93%,nan,35.77%,40.54%,28.54%,33.11,3.02B,20.81M,3.05B,1.33,0.69%,0.68%
JNPR,0.6524,0.77,0.2578,-81.70%,1.20%,3.06%,5.63%,4.45,2.34,13.85,1.77,5.41,1.51,2.29,50.42,0.56776,0.8,3.11%,2.58,1.25%,96.26%,0.612,10.03%,103.90%,5.80%,13.45,324.08M,23.36M,329.74M,4.11,9.84%,7.08%
KSU,1.4,6.54,0.6168,30.30%,-4.90%,6.57%,13.56%,2.63,1.24,44.5,0.1882,2.07,1.31,3.84,87.62,0.60521,,,1.41,0.46%,89.57%,1.08,39.45%,25.08%,23.44%,28.06,90.33M,1.08M,93.6M,1.33,1.36%,1.19%
K,2.29,3.63,1.25,41.40%,7.50%,6.35%,36.37%,13.77,3.26,9.05,0.435,1.26,0.67,8.11,223.1,1.44,2.28,4.00%,4.73,0.71%,89.17%,1.99,13.12%,66.09%,9.09%,40.15,281.3M,17.31M,343.71M,5.21,6.28%,5.04%
KEY,nan,1.27,1.22,24.10%,9.50%,0.84%,7.59%,5.66,3.25,16.48,1.83,1.87,,14.69,,nan,0.74,3.93%,5.67,0.44%,83.84%,nan,29.85%,58.73%,23.71%,5.85,970.61M,11.84M,975.77M,1.49,1.38%,1.21%
KEYS,1.1,3.31,0.627,11.30%,8.90%,7.02%,19.90%,4.22,,17.83,1.76,9.44,3.12,1.98,60.21,0.77188,,,2.53,0.44%,90.76%,1.02,18.41%,0.00%,14.85%,22.57,185.08M,6.96M,186.08M,4.16,4.90%,3.74%
KMB,4.46,6.87,2.35,-1.50%,5.50%,13.94%,450.80%,19.14,3.13,1.85,0.303,0.89,0.8,8.39,965.71,2.3,4.56,3.45%,7.11,0.34%,75.52%,3.73,19.12%,62.30%,12.29%,56.15,337.59M,8.01M,338.7M,3.54,2.38%,2.36%
KIM,0.62641,2.02,0.86743,,-8.20%,2.02%,17.27%,1.08,6.01,12.66,0.32498,0.75,105.26,5.45,98.04,0.26551,0.64,3.57%,0.82193,2.73%,86.73%,0.56711,33.65%,32.67%,83.81%,2.53,411.52M,16.6M,432.5M,3.11,4.87%,3.84%
KMI,5.96,0.05,0.106,-0.50%,-7.10%,2.99%,0.53%,11.7,4.59,13.88,1.3,0.57,0.63,35,107.48,2.12,1.05,7.15%,6.68,13.80%,62.56%,4.55,29.85%,2075.00%,1.02%,5.17,1.95B,38.81M,2.26B,2.07,2.00%,1.71%
KLAC,2.31,8.74,1.37,20.20%,9.40%,12.99%,48.44%,6.07,2.28,19.04,2.3,14.9,2.59,3.57,120.91,1.43,3.6,1.11%,3.36,0.28%,98.02%,1.97,32.61%,39.95%,22.52%,39.13,153.74M,2.04M,154.08M,1.82,1.50%,1.32%
KHC,6.77,-0.4,-0.494,-33.60%,6.00%,3.60%,-0.97%,25.78,4.33,40.24,2.72,2.22,1.31,28.52,57.81,3.39,1.6,4.72%,8.2,0.73%,78.75%,4.89,22.45%,,-1.92%,21.09,673.92M,23.73M,1.22B,3.75,3.67%,1.94%
KR,6.6,3.74,2.95,139.90%,6.30%,5.04%,31.78%,130.65,1.85,13.15,2.18,2.86,0.83,20.67,205.8,3.74,0.72,2.16%,27.85,0.66%,89.00%,6.51,2.90%,17.60%,2.29%,167.13,729.46M,53.86M,761.35M,3.75,7.13%,7.07%
LB,1.89,-0.76,-0.208,,14.10%,7.76%,,11.74,5.53,-5.64,2.62,9.43,1.48,9.65,,1.89,,,5.55,19.14%,79.26%,2.03,11.52%,,-1.77%,42.29,170.35M,10.26M,278.11M,1.94,5.22%,3.69%
LHX,3.06,7.35,1.12,-50.90%,-3.60%,3.36%,4.99%,18.19,1.75,103.41,1.28,6.09,1.96,7.65,36.72,1.89,4.08,2.18%,5.34,0.50%,82.49%,2.79,11.12%,65.51%,6.15%,85.02,208.18M,1.75M,210.11M,1.32,0.84%,0.83%
LH,2.55,8.62,0.8449,218.70%,33.00%,7.02%,10.90%,12.44,,84.59,0.6672,6.85,1.36,6.68,80.93,1.44,,,3.25,0.58%,94.57%,1.93,16.51%,0.00%,6.79%,127.87,96.87M,1.46M,97.4M,2.15,1.70%,1.50%
LRCX,3.71,20.14,2.96,68.90%,33.80%,15.67%,59.99%,11.93,1.48,38.43,6.04,42.28,3.19,5.83,105.86,1.47,5.2,0.91%,4.61,0.22%,87.76%,2.34,28.67%,24.34%,24.85%,82.31,142.38M,1.88M,142.91M,1.15,1.32%,1.31%
LW,0.715,2.02,0.296,-31.00%,-12.10%,8.73%,97.05%,3.55,,2.79,0.7639,5.22,2.91,2.78,679.85,0.36441,0.94,1.22%,0.9422,0.59%,92.67%,0.5475,15.00%,45.54%,8.33%,24.28,145.54M,3.39M,146.36M,3.68,3.43%,2.31%
LVS,-0.448,-2.21,-1.68,,-67.30%,-4.57%,-42.67%,3.61,4.96,3.89,2.12,2.78,1.14,14.33,405.03,-1.75,,,1.84,56.70%,39.54%,-1.31,-44.52%,,-46.65%,4.73,762.92M,13.73M,763.83M,1.96,59.73%,1.80%
LEG,0.5993,1.82,0.2476,18.90%,3.20%,5.35%,18.33%,4.28,3.38,10.48,0.3489,2.63,1.6,2.06,148.51,0.43194,1.6,3.73%,0.8955,1.21%,75.27%,0.6026,9.58%,87.91%,5.78%,31.54,131.01M,5.05M,132.52M,4.63,4.90%,3.81%
LDOS,1.27,4.26,0.612,1.20%,14.40%,5.73%,17.60%,12,2,26.1,0.512,3.6,0.94,5.19,139.68,0.95712,1.36,1.24%,1.55,0.69%,76.92%,1.56,8.28%,31.92%,5.10%,84.8,141.41M,1.88M,142.32M,2.87,1.59%,1.32%
LEN,3.19,7.85,2.44,30.90%,-2.10%,6.53%,14.46%,22.49,0.39,57.55,2.75,8.78,7.5,7.54,41.68,4.48,1,1.06%,5.17,2.02%,96.46%,4.19,13.78%,7.96%,10.96%,72.68,285.97M,8.36M,275.12M,3.03,3.49%,2.67%
LLY,8.12,6.79,6.19,41.50%,21.70%,,160.98%,24.54,2.28,5.32,3.63,4.01,,17.22,344.76,nan,3.4,1.68%,19.06,0.16%,79.17%,nan,27.91%,45.72%,25.24%,26.89,744.48M,6.67M,956.58M,1.23,0.84%,0.70%
LNC,0.80833,2.56,0.499,-66.90%,-4.80%,0.14%,2.35%,17.44,2.41,118.04,6.21,32.29,11.81,7.13,31.42,nan,1.68,3.24%,0.775,5.84%,79.93%,nan,4.44%,62.50%,2.86%,90.07,180.99M,6.07M,193.26M,4.01,3.58%,3.14%
LIN,8.63,4.71,2.5,50.70%,2.70%,2.86%,5.18%,27.24,2.06,90.22,3.75,7.16,0.8,16.15,32.58,5.24,4.24,1.68%,11.86,0.18%,81.96%,7.43,14.70%,81.96%,9.18%,51.72,523.55M,3.33M,525.36M,1.93,0.64%,0.64%
LYV,-0.86259,-6.97,-1.47,,-95.10%,-7.91%,-121.23%,4.51,,-0.47,2.63,12.3,1.08,6.52,"1,220.68",-0.12801,,,3.08,26.78%,76.32%,-0.52004,-29.24%,0.00%,-31.93%,21.34,142.66M,13.23M,213.42M,5.54,9.48%,6.20%
LKQ,1.28,1.96,0.59851,27.10%,-3.20%,5.01%,11.64%,11.68,,17.7,0.42138,1.38,2.13,4.49,82.58,0.90184,,,4.86,0.66%,98.42%,1.23,8.43%,0.00%,5.12%,38.28,280.41M,5.99M,304.34M,2.93,2.21%,1.97%
LMT,10,24.3,6.89,19.60%,7.30%,11.29%,149.59%,65.4,2.54,21.56,3.16,11.28,1.39,13.27,219.76,4.74,10.4,3.04%,8.68,0.08%,77.79%,8.18,13.57%,40.00%,10.45%,233.56,237.4M,2.77M,279.78M,1.37,1.17%,0.99%
L,0.561,-3.32,-0.931,82.90%,-5.10%,-0.13%,-6.28%,12.55,0.56,66.34,5.19,19.45,0.47,10.61,55.31,0.944,0.25,0.52%,3.81,15.59%,64.77%,1.74,-1.38%,,-7.42%,44.77,227.72M,2.54M,269.21M,3.46,1.12%,0.94%
LOW,10.8,7.07,5.34,-34.00%,28.30%,12.82%,164.35%,85.31,1.72,5.42,10.1,13.79,1.38,26.24,644.36,8.18,2.4,1.37%,23.1,0.06%,79.58%,11.67,10.89%,31.69%,6.29%,112.96,732M,7.52M,732.72M,1.84,1.03%,1.03%
LUMN,8.31,nan,-1.23,,-8.00%,3.63%,-10.00%,20.71,10.4,,0.406,0.38,0.48,32.22,288.62,1.78,1,8.01%,11.78,,,6.52,17.40%,84.03%,-5.95%,19.19,976.12M,72.36M,1.1B,3.86,7.51%,6.60%
LYB,3.55,4.24,1.42,39.80%,-3.00%,4.06%,17.47%,27.75,4.47,23.87,2.46,7.38,2.12,17.18,211.98,nan,4.2,4.43%,3.39,23.51%,71.68%,nan,7.71%,118.31%,5.12%,82.87,258.01M,3.34M,333.92M,1.99,1.31%,1.00%
MTB,nan,9.94,1.28,-4.40%,-0.70%,1.03%,8.48%,5.15,2.46,116.39,26.29,204.82,,4.44,,nan,4.4,3.09%,5.15,0.43%,85.02%,nan,35.66%,44.27%,26.25%,40.06,127.52M,1.93M,128.29M,2.2,1.70%,1.50%
MRO,1.89,-1.44,-1.13,,-39.10%,-1.93%,-9.78%,3.53,1.89,13.79,1.12,1.42,1.23,6.07,55.7,0.14725,0.12,1.37%,3.81,0.26%,70.28%,1.76,-17.10%,,-32.08%,4.45,723.57M,55.05M,789.39M,1.82,9.03%,6.97%
MPC,0.779,-15.28,-11.12,-56.70%,-42.20%,,-30.63%,69.9,3.64,34.49,0.618,0.95,,33.52,109.86,nan,2.32,4.66%,4.16,0.56%,75.97%,nan,-3.70%,,-14.19%,107.7,647.19M,31.28M,650.65M,5.25,4.83%,4.81%
MKTX,0.4086,7.85,0.29938,45.10%,32.00%,20.49%,34.71%,0.68912,0.62,25.53,0.46086,12.32,6.19,0.09361,9.8,nan,2.64,0.48%,0.49815,2.92%,93.74%,nan,54.38%,30.57%,43.44%,18.45,36.32M,427.88k,37.96M,1.41,1.30%,1.13%
MAR,1.13,0.54,0.176,-74.20%,-65.10%,1.69%,32.99%,2.99,1.32,0.71,1.58,4.86,0.59,11.96,"5,222.27",0.16338,,,4.06,16.59%,60.40%,2.12,22.54%,181.13%,5.88%,9.18,276.12M,7M,324.33M,2.91,2.65%,2.16%
MMC,4.06,3.94,2.02,-4.30%,3.60%,6.45%,23.79%,17.22,1.79,18.23,2.09,4.11,1.25,13.58,146.64,3.22,1.86,1.65%,7.35,0.11%,89.61%,3.38,19.29%,46.70%,11.70%,34.04,506.58M,3.74M,508M,2.21,0.74%,0.74%
MLM,1.33,11.54,0.721,39.70%,8.40%,5.65%,12.82%,4.43,0.87,94.6,0.2073,3.33,3.34,2.63,44.56,0.57649,2.28,0.72%,1.26,0.46%,101.71%,1.05,21.14%,19.41%,16.27%,71.14,58.5M,733.8k,62.27M,1.1,1.33%,1.18%
MAS,1.39,4.6,0.801,-57.00%,13.50%,14.58%,472.33%,7.19,1.13,0.75,1.33,5.16,1.8,2.98,708.55,0.9965,0.94,1.71%,2.59,0.77%,95.15%,0.953,17.53%,22.53%,17.03%,27.23,255.83M,4.63M,261.68M,2.13,2.03%,1.77%
MA,8.73,6.37,6.41,-15.00%,-6.70%,16.22%,102.51%,15.3,0.57,6.42,10.6,10.65,1.61,12.67,194.45,6.17,1.76,0.51%,15.3,11.51%,77.39%,7.22,53.29%,32.03%,41.90%,15.27,985.15M,5.79M,986M,1.22,0.66%,0.58%
MKC,1.18,2.78,0.7474,-6.00%,4.90%,5.73%,20.21%,5.6,1.61,14.71,0.4236,1.59,0.68,5.05,128.05,0.68135,1.36,1.51%,2.3,0.22%,83.22%,1.04,18.37%,44.60%,13.34%,21.02,261.85M,5.32M,248.7M,3.89,,1.99%
MXIM,0.89864,2.68,0.72195,25.90%,14.00%,13.15%,39.53%,2.35,2.98,7.19,1.81,6.74,5.67,1.05,54.51,0.53958,,,1.43,0.60%,88.88%,0.79513,33.54%,53.73%,30.66%,8.8,266.15M,11.66M,268.04M,5.57,5.65%,4.35%
MCD,7.51,6.31,4.73,-12.40%,-0.70%,9.01%,,19.21,2.51,-10.42,3.45,4.59,1.01,48.52,,5.51,5.16,2.41%,9.75,0.06%,68.80%,6.27,37.56%,79.87%,24.63%,25.61,750.38M,5.73M,745.11M,1.79,0.77%,0.77%
MCK,4.06,-25.42,-4.19,,5.80%,3.22%,-90.49%,237.62,0.95,-3,3.58,22.47,1.01,9.71,957.04,4.76,1.68,0.91%,12.02,0.05%,89.03%,5.83,1.33%,,-1.76%,"1,443.85",159.04M,2M,162.12M,2,1.25%,1.25%
MDT,6.56,2.74,3.71,-64.10%,-0.80%,2.73%,7.35%,27.87,2.08,37.28,14.28,10.61,2.16,30.01,59.64,5.38,2.32,1.97%,19.64,0.06%,83.39%,6,14.63%,85.82%,13.30%,20.77,1.34B,7.35M,1.35B,1.82,0.55%,0.55%
MRK,18.14,2.78,7.07,,5.40%,,25.63%,47.99,2.94,11.54,7.36,2.91,,28.74,98.19,nan,2.6,3.48%,34.56,0.08%,75.98%,nan,30.77%,89.21%,14.72%,18.89,2.51B,18.58M,2.53B,1.95,0.73%,0.73%
MET,8.06,5.68,5.19,-73.40%,13.30%,0.65%,7.67%,67.84,3.66,83.5,23.7,26.54,1.37,48.47,64.78,nan,1.84,3.33%,19.98,15.25%,77.35%,nan,11.70%,31.31%,7.97%,74.29,756.37M,14.7M,892.9M,2.75,1.95%,1.65%
MTD,0.85425,24.91,0.60274,12.20%,11.10%,17.76%,171.37%,3.09,,12.04,0.09425,4.03,1.26,1.44,508.02,0.52774,,,1.8,1.68%,99.47%,0.7247,25.81%,0.00%,19.54%,129.18,23.03M,448.03k,23.79M,4,2.21%,1.91%
MGM,-0.86794,-2.09,-1.03,,-54.70%,-3.70%,-10.99%,4.92,,13.16,5.1,10.32,3.2,20.77,184.65,nan,0.01,0.03%,1.95,12.72%,66.33%,nan,-42.38%,10.48%,-21.00%,9.95,400.94M,20.33M,493.94M,2.05,5.59%,4.12%
MCHP,2.05,1.26,0.3333,-88.40%,5.00%,3.20%,6.11%,5.3,1.82,19.67,0.3727,1.38,0.85,9.18,173.33,1.74,,,3.24,2.06%,96.36%,1.84,16.51%,57.65%,6.29%,21.04,263.56M,6.3M,269.26M,3.28,2.68%,2.34%
MU,9.25,2.65,3,63.50%,12.20%,4.12%,7.86%,22.06,,35.73,7.03,6.29,2.91,7.21,18.08,-2.17,,,6.55,0.19%,84.31%,8.26,15.45%,0.00%,13.59%,19.84,1.12B,21.04M,1.12B,1,1.89%,1.88%
MSFT,71.69,6.71,51.31,32.70%,16.70%,12.81%,42.70%,153.28,1.71,17.26,131.99,17.5,2.58,82.78,63.56,34.79,2.24,0.92%,96.94,0.06%,71.84%,68.03,39.24%,31.15%,33.47%,20.23,7.43B,44.53M,7.56B,1.39,0.59%,0.59%
MAA,0.93676,2.19,0.25127,-44.30%,1.60%,2.38%,4.27%,1.68,3.37,51.34,0.0252,0.22,0.04,4.56,74.94,nan,4.1,2.97%,0.98521,0.68%,93.48%,nan,25.48%,182.65%,15.19%,14.69,113.56M,1.36M,114.37M,2.07,1.66%,1.19%
MHK,1.27,49.9,0.53204,31.90%,2.20%,3.04%,6.68%,9.33,,114.62,1.19,16.7,2.16,2.95,36.14,1.56,,,2.77,18.75%,77.08%,1.8,7.09%,0.00%,5.70%,131.2,58.48M,1.42M,71.2M,3.26,2.97%,1.99%
TAP,2.27,2.69,0.5845,,-3.10%,3.18%,4.37%,9.85,2.67,62.36,0.7313,3.38,0.61,8.79,63.81,1.27,,,4.2,11.39%,87.48%,2.1,14.86%,42.38%,5.94%,45.42,192.95M,10.39M,200.3M,4.96,6.94%,4.80%
MDLZ,5.42,2.47,3.56,57.70%,5.60%,4.07%,12.99%,26.58,1.91,19.43,3.63,2.57,0.66,21.05,76.11,3.84,,,10.45,0.11%,78.63%,3.96,16.20%,48.58%,13.37%,18.58,1.41B,11.13M,1.41B,1.58,0.80%,0.79%
MNST,1.61,2.22,1.19,16.30%,9.90%,17.86%,27.30%,4.42,,8.77,1.67,3.17,3.65,0.02173,0.47,0.94053,,,2.52,29.14%,65.79%,1.24,35.03%,0.00%,26.99%,8.31,377.85M,5.17M,527.92M,2.33,1.39%,0.98%
MCO,2.69,9.6,1.82,22.90%,9.40%,14.65%,152.33%,5.31,1.07,7.97,2.59,13.78,2.49,6.89,407.21,1.86,2.24,0.80%,3.44,0.36%,93.29%,1.97,46.63%,22.68%,34.32%,28.3,187.03M,2.17M,187.8M,2.58,1.34%,1.16%
MS,nan,6.46,10.5,51.20%,25.60%,,12.96%,48.2,2.33,50.67,578.41,319.57,,303.76,338.2,nan,1.4,1.90%,42.8,21.20%,58.63%,nan,37.15%,21.67%,22.81%,30.07,1.43B,28.23M,1.81B,2.26,1.97%,1.56%
MOS,1.08,-2.86,-1.08,,-13.50%,0.63%,-11.71%,8.3,2.08,22.51,0.923,2.43,1.31,4.98,57.19,0.46804,0.2,0.72%,0.8973,9.59%,77.43%,1.62,2.40%,,-13.04%,21.91,343.98M,6.25M,379.09M,1.22,2.05%,1.65%
MSI,1.76,5.45,0.949,69.50%,-4.30%,7.88%,,7.41,1.79,-3.29,1.25,7.4,1.24,5.58,,1.31,2.84,1.56%,3.61,0.43%,90.38%,1.61,18.29%,48.26%,12.80%,43.61,168.82M,1.64M,169.52M,2.32,1.26%,0.97%
MSCI,0.97151,7.12,0.60182,27.20%,9.10%,,,1.7,1.01,-4.66,1.3,15.77,,3.54,,nan,3.12,0.75%,1.4,3.19%,94.64%,0.81111,52.19%,41.01%,35.50%,20.25,79.99M,647.33k,82.6M,1.22,0.91%,0.78%
NDAQ,1.54,5.59,0.933,10.30%,37.40%,5.27%,15.45%,5.63,1.74,39.11,2.94,17.87,1.56,5.93,92.14,nan,1.96,1.38%,2.9,18.69%,77.96%,nan,23.90%,34.70%,16.58%,34.23,114.44M,2.65M,164.04M,2.52,2.32%,1.62%
NTAP,1.08,3.07,0.687,-43.60%,3.30%,7.23%,151.66%,5.52,2.48,1.67,3.65,16.35,1.65,2.77,747.84,0.99737,1.92,2.78%,3.62,0.30%,103.46%,1.2,16.64%,63.16%,12.44%,24.83,222.66M,10.49M,223.38M,5.38,7.95%,4.70%
NFLX,4.7,6.08,2.76,-7.60%,21.50%,7.82%,29.62%,25,,24.98,8.21,18.53,1.25,18.51,167.29,13.21,,,9.72,1.55%,81.92%,2.43,18.34%,0.00%,11.05%,56.69,437.06M,7.3M,441.8M,1.06,1.68%,1.65%
NWL,1.27,-0.25,-0.1189,,5.10%,3.57%,-3.00%,9.32,3.77,8.78,0.858,2.02,1.51,6.51,173.52,1.67,0.92,3.53%,3.24,0.80%,89.21%,1.44,9.43%,,-1.11%,21.99,420.67M,9.87M,424.3M,3.26,3.47%,2.33%
NEM,5.26,3.18,2.4,-61.50%,16.80%,4.38%,10.48%,11.08,0.96,28.18,5.14,6.4,2.83,6.79,28.73,3.24,1.6,2.74%,4.38,0.28%,84.11%,4.4,25.73%,26.71%,23.19%,13.73,800.59M,8.7M,803.36M,1.48,1.46%,1.08%
NWSA,0.978,-1.46,-0.862,171.80%,-2.60%,2.22%,-11.76%,8.72,1.49,13.77,1.56,2.64,1.26,2.58,28.42,1.06,,,4.08,0.59%,97.18%,1.07,6.40%,,-9.89%,14.8,509.37M,6.68M,391.09M,2.79,1.72%,1.13%
NWS,0.978,-1.46,-0.862,171.80%,-2.60%,2.22%,-11.76%,8.72,1.46,13.77,1.56,2.64,1.26,2.58,28.42,1.06,,,4.08,39.44%,32.92%,1.07,6.40%,,-9.89%,14.8,509.37M,1.24M,199.63M,1.4,1.02%,0.21%
NEE,9.46,1.48,2.92,,-4.20%,2.62%,5.46%,18,2.41,18.52,1.1,0.56,0.47,48.09,107.04,-7.17,1.4,1.67%,10.71,0.16%,80.59%,7.98,28.59%,94.59%,16.22%,9.14,1.97B,23.56M,1.96B,2.63,1.20%,1.20%
NLSN,0.954,-0.42,-0.15,,-3.30%,2.47%,-5.99%,6.31,3.99,5.69,2.25,6.3,1.1,10.54,474.77,0.62112,0.24,1.06%,3.68,0.31%,111.46%,1.13,9.45%,,-2.38%,17.7,320.89M,21.13M,357.68M,4.4,6.81%,5.91%
NKE,5.09,1.77,2.83,12.20%,8.90%,7.88%,28.27%,38.25,1.06,6.76,11.81,7.49,2.66,12.81,120.35,5.07,1.1,0.77%,16.24,0.31%,83.93%,4.53,10.12%,57.06%,7.39%,24.49,1.25B,12.69M,1.27B,2.57,1.31%,0.80%
NI,1.8,-0.78,-0.2964,,-3.10%,3.17%,-4.28%,4.87,2.95,11.86,0.0586,0.15,0.82,10.83,199.71,-1.65,0.88,3.87%,2.34,0.36%,97.37%,1.21,23.33%,,-4.96%,12.75,381.62M,3.92M,383.21M,1.23,1.38%,1.02%
NSC,4.63,7.84,2.01,0.80%,-4.30%,5.73%,13.43%,9.79,1.99,58.67,1.12,4.43,1.07,13.65,92.27,1.37,3.96,1.59%,4.63,0.12%,78.69%,3.64,35.53%,47.96%,20.56%,38.37,251.48M,2.16M,251.91M,1.87,0.86%,0.86%
NTRS,nan,5.46,1.14,-35.10%,-1.60%,0.79%,10.62%,5.98,2.24,51.87,3.77,18.12,,8.9,,nan,2.8,2.89%,5.98,0.37%,84.44%,nan,27.24%,51.28%,20.24%,28.69,205.73M,2.87M,208.29M,3,1.50%,1.38%
NOC,5.5,19.03,3.19,,17.10%,6.18%,32.88%,36.8,1.53,63.46,4.91,29.43,1.6,16.61,157,0.7235,5.8,1.94%,7.48,0.48%,83.66%,4.3,11.49%,29.80%,8.67%,220.22,166.04M,2.21M,166.72M,1.84,1.67%,1.33%
NLOK,0.987,nan,0.637,-93.70%,3.40%,4.90%,15.56%,2.49,1.67,,1.07,1.84,1.01,3.7,,-1.52,,,2.1,0.94%,99.78%,-1.42,39.19%,48.08%,23.71%,4.2,576.92M,19.64M,581.9M,3.52,4.70%,3.38%
NCLH,-0.39411,-13.45,-3.15,,-99.70%,-4.12%,-60.85%,2.75,,14.83,2.36,8.55,1.14,11.16,272.95,-2.81,,,2.8,0.69%,46.28%,-1.54,-39.93%,0.00%,-114.59%,11.74,274.3M,42.94M,315.64M,2.83,14.78%,13.61%
NOV,-0.182,-6.62,-2.54,,-41.80%,-2.89%,-38.66%,6.09,1.45,13.71,1.69,4.39,2.79,2.56,48.42,0.78875,,,0.434,0.44%,100.53%,0.926,-8.77%,,-41.74%,15.86,355.64M,15.84M,388.26M,3.01,4.10%,4.08%
NRG,1.98,16.38,4.14,-33.10%,-6.20%,7.83%,2170.68%,9.26,1.34,7.92,0.697,2.85,1.55,6.16,318.56,1.05,1.3,3.03%,2.52,0.87%,97.92%,1.9,14.71%,5.85%,43.90%,37.49,242.37M,6.96M,244.22M,2.72,3.28%,2.85%
NUE,2.4,2.36,0.72147,269.90%,2.50%,5.15%,7.59%,20.14,2.91,35.55,3.05,10.04,3.61,5.34,47.55,0.51033,1.62,2.95%,2.23,0.69%,78.57%,2.7,7.87%,68.33%,3.58%,66.43,301.55M,3.61M,301.93M,1.6,1.37%,1.20%
NVDA,5.12,6.12,3.83,48.60%,56.80%,12.31%,28.82%,14.78,0.39,24.77,10.14,16.38,3.92,7.68,50.09,3.23,0.64,0.10%,6.77,4.18%,68.43%,5.22,28.44%,10.46%,25.89%,24.06,593.37M,6.65M,619M,0.87,1.12%,1.07%
NVR,1.14,230.11,0.90125,19.10%,17.70%,14.57%,33.11%,7.56,,839.67,2.71,734.59,5.91,1.59,51.24,nan,,,1.55,5.40%,84.67%,nan,14.78%,0.00%,11.92%,"2,048.43",3.6M,44.61k,3.7M,1.52,1.51%,1.21%
ORLY,2.73,23.53,1.75,20.90%,13.90%,13.55%,651.90%,11.6,,1.97,0.46564,6.55,0.86,6.16,"4,395.25",1.83,,,6.09,1.67%,85.62%,2.84,20.85%,0.00%,15.10%,157.21,69.97M,1.12M,70.42M,1.77,1.58%,1.55%
OXY,7.86,-17.28,-14.37,,-29.90%,-4.57%,-44.10%,19.76,6.92,10.84,1.9,2.04,1.02,41.61,209.5,5.39,0.04,0.16%,12.06,0.23%,68.79%,4.56,-38.80%,,-75.20%,21.74,928.71M,28.7M,931.21M,1.31,3.42%,3.08%
ODFL,1.17,5.68,0.67268,31.80%,6.40%,13.55%,21.00%,4.02,,28.4,0.7317,6.25,3.33,0.09993,3,nan,0.8,0.38%,1.46,12.66%,73.73%,nan,22.59%,10.62%,16.75%,34.1,102.24M,1.53M,117.33M,2.2,1.59%,1.31%
OMC,2.09,4.43,0.9623,8.00%,-11.50%,4.91%,31.86%,13.56,3.28,12.27,3.28,15.25,0.98,6.93,208.1,1.66,2.6,3.94%,2.71,0.83%,96.53%,1.43,13.73%,58.82%,7.10%,62.68,213.45M,11.02M,214.97M,6.13,5.86%,5.13%
OKE,2.45,1.46,0.62393,1.00%,-3.90%,5.37%,10.11%,8.64,6.4,13.83,0.44713,1.01,1.57,14.62,237.85,-2.13,3.74,8.45%,3.38,0.59%,66.42%,1.72,21.96%,253.06%,7.24%,20.4,441.47M,8.28M,444.4M,2.65,2.36%,1.86%
ORCL,17.27,3.31,10.38,5.70%,1.90%,9.03%,83.71%,39.4,1.56,2.68,38.61,13.11,2.17,70.92,823.11,11.15,0.96,1.53%,31.13,38.91%,49.83%,13.97,38.22%,29.18%,26.34%,12.81,1.8B,24.45M,3.01B,2.77,1.36%,0.83%
OTIS,2.06,nan,0.906,15.10%,4.20%,11.43%,,12.76,,,1.78,4.11,0.97,6.5,,1.26,0.8,,3.78,0.01%,85.61%,1.48,14.62%,28.85%,7.10%,29.45,433.41M,6.09M,433.67M,2.25,1.57%,1.40%
PCAR,2.62,3.74,1.3,-23.60%,-9.00%,3.46%,12.91%,18.73,1.61,30.05,4.83,13.95,1.29,12.27,117.8,10.15,1.28,1.30%,2.3,2.01%,64.98%,2.99,8.37%,34.22%,6.93%,54,340.08M,4.21M,346.6M,2.03,1.24%,1.22%
PKG,1.21,4.84,0.4574,-9.30%,-0.30%,,14.69%,6.66,2.83,34.04,1.05,11.15,,2.74,85.33,nan,4,3.05%,1.39,1.42%,91.72%,nan,11.99%,69.63%,6.92%,70.75,92.73M,1.19M,94.83M,1.73,1.64%,1.26%
PH,2.65,11.02,1.43,118.80%,-2.50%,6.33%,21.27%,13.51,1.78,55.05,0.60805,4.71,1.5,7.21,101.28,2.21,3.52,1.29%,3.54,0.38%,80.97%,2.6,15.33%,31.97%,10.60%,104.99,128.37M,777.74k,129.08M,0.9,0.61%,0.60%
PAYX,1.61,2.93,1.06,5.30%,-0.70%,10.16%,38.80%,3.97,3.04,8.01,0.8684,2.41,1.28,0.8961,31.01,1.12,2.48,2.75%,2.76,10.74%,72.65%,1.31,35.43%,84.64%,26.66%,11.07,321.72M,7.1M,360.63M,3.9,2.21%,1.97%
PAYC,0.2395,2.46,0.14345,-46.30%,14.20%,4.57%,24.27%,0.84143,,11.35,0.15171,2.63,1.09,0.05016,7.65,0.16508,,,0.74366,16.64%,76.32%,0.22721,22.12%,0.00%,17.05%,14.6,48.11M,838.54k,57.63M,1.93,1.99%,1.46%
PNR,0.5365,2.14,0.3571,5.30%,5.40%,6.92%,17.59%,3.02,2.11,12.67,0.0821,0.49,1.26,0.8396,39.86,0.43554,0.8,1.46%,1.06,0.32%,90.68%,0.5736,15.29%,35.68%,11.88%,18.12,165.59M,3.34M,166.35M,2.75,2.27%,2.01%
PBCT,nan,1.32,0.5585,51.20%,9.80%,0.94%,7.20%,1.91,4.48,18.4,0.4773,1.14,,2.16,,nan,0.72,4.78%,1.91,0.64%,75.77%,nan,40.52%,54.36%,29.94%,4.55,415.7M,14.49M,424.68M,2.69,4.51%,3.41%
PYPL,4.3,3.54,4.2,209.10%,23.30%,3.52%,22.72%,21.45,,17.08,13.08,11.17,1.33,9.72,48.47,5.03,,,10,0.10%,85.54%,5.85,15.98%,0.00%,19.59%,18.29,1.17B,15.78M,1.17B,2.1,1.35%,1.35%
PEP,12.74,2.57,7.12,4.50%,8.80%,7.43%,50.49%,70.37,2.85,9.75,9.55,6.92,0.98,44.15,325.78,4.93,,,38.58,0.14%,72.82%,10.61,14.49%,78.32%,10.12%,25.41,1.38B,10.12M,1.38B,2.18,0.73%,0.73%
PKI,1.25,6.49,0.7281,489.70%,68.20%,8.60%,22.23%,3.78,0.37,33.19,0.40204,3.57,1.35,2.18,58.33,0.69701,0.28,0.19%,2.12,0.83%,94.04%,0.89218,26.48%,4.31%,19.24%,33.75,102.2M,2.42M,111.97M,2.79,4.38%,2.16%
PRGO,0.916,-0.05,-0.0066,,1.90%,2.89%,-0.11%,5.1,1.17,42.64,0.8527,6.25,2.54,3.7,63.54,0.23256,0.9,2.07%,1.77,0.75%,85.61%,0.6153,10.37%,,-0.13%,37.41,136.15M,5.99M,136.49M,4.87,5.97%,4.39%
PFE,15.09,1.71,6.98,,-7.90%,,10.89%,41.91,3.65,11.74,10.52,1.89,,63.15,96.42,nan,1.56,4.53%,33.33,0.05%,69.90%,nan,24.17%,122.58%,22.95%,7.54,5.55B,63.11M,5.56B,1.81,1.14%,1.14%
PM,12.7,5.16,8.04,22.30%,-3.50%,16.71%,,28.69,5.01,-8.07,7.28,4.67,1.1,32.24,,8.66,4.8,5.62%,19.12,0.19%,75.39%,9.81,40.85%,91.86%,28.08%,18.43,1.55B,9.39M,1.56B,2.05,0.60%,0.60%
PSX,-0.171,-9.06,-3.98,,-43.70%,,-15.01%,64.13,3.58,45.15,1.46,3.35,,14.53,65.12,nan,3.6,4.69%,6.42,0.34%,68.59%,2.11,-2.44%,,-6.20%,145.9,435.72M,12.16M,436.8M,3.84,2.79%,2.78%
PNW,1.5,5.61,0.63393,10.90%,5.40%,2.68%,11.22%,3.52,3.38,51.88,0.18193,1.62,1.17,6.82,114.32,-0.34536,3.32,4.33%,1.49,0.24%,85.97%,0.89398,23.24%,55.79%,18.03%,31.23,112.29M,3.01M,112.6M,3.44,3.54%,2.68%
PXD,2.31,1.04,0.173,,-23.00%,2.05%,1.48%,7.65,0.53,70.89,1.39,8.47,1.43,3.5,30.03,0.071,,,4.03,0.81%,93.00%,2.37,7.93%,202.91%,2.27%,46.44,162.85M,5.14M,216.21M,1.63,2.39%,2.38%
PNC,nan,16.97,2.69,5.50%,1.70%,0.69%,5.81%,13.73,2.63,127.38,7.29,17.19,,37.2,,nan,4.6,2.89%,13.73,0.24%,82.99%,nan,24.98%,72.33%,54.76%,32.15,421.26M,5.23M,424M,2.47,1.24%,1.23%
POOL,0.45156,7.96,0.32559,49.80%,26.80%,17.20%,65.41%,3.68,1.03,14.68,0.07475,1.86,2.21,0.53676,91.05,0.32487,2.32,0.70%,0.92492,3.18%,95.45%,0.44444,11.48%,28.39%,8.85%,91.82,38.86M,955.98k,40.16M,3.36,2.46%,2.38%
PPG,2.26,4.45,1.06,-6.80%,2.30%,,19.78%,13.83,1.62,22.48,2.1,8.89,,6.35,117.02,nan,2.16,1.56%,6.06,0.43%,79.79%,nan,12.61%,47.30%,7.65%,58.42,235.8M,3.64M,236.2M,2.3,1.54%,1.54%
PPL,4.43,2.01,1.54,-40.80%,-2.50%,4.19%,12.06%,7.63,5.04,17.8,0.746,0.97,0.5,24.24,177.09,-0.52488,1.66,5.94%,4.36,0.12%,70.66%,2.79,40.60%,82.46%,20.22%,9.99,767.9M,11.26M,768.83M,2.8,1.47%,1.46%
PFG,1.71,4.41,1.22,-14.80%,-25.70%,0.34%,8.02%,15.02,3.8,57.02,4.49,16.36,2.74,4.42,27.64,1.4,2.24,4.13%,6.2,0.25%,72.00%,4.14,9.81%,,8.15%,54.54,273.6M,2.61M,273.3M,1.93,1.09%,0.95%
PG,20.8,5.29,13.58,3.70%,8.30%,9.62%,29.51%,73.97,2.91,19.21,11.94,4.85,0.78,31.1,64.07,13.9,3.16,2.46%,36.31,0.11%,66.11%,19.03,24.13%,58.94%,18.72%,29.83,2.46B,14M,2.46B,1.84,0.57%,0.57%
PGR,7.72,9.66,5.68,57.30%,6.30%,7.76%,36.88%,42.64,2.08,29.12,5.22,8.92,0.42,5.4,31.67,nan,4.9,5.67%,8.67,0.30%,84.29%,nan,17.33%,50.72%,13.38%,72.9,582.92M,5.23M,585.3M,1.98,0.90%,0.89%
PLD,3.23,2.01,1.47,-27.20%,36.30%,2.21%,5.18%,4.74,2.78,43.29,0.59809,0.81,0.69,17.34,47.72,nan,2.32,2.15%,3.57,0.52%,97.82%,nan,35.88%,101.79%,31.29%,6.5,736.31M,7.82M,739.5M,2.72,1.20%,1.06%
PRU,2.5,-0.99,-0.374,-27.40%,-24.80%,0.13%,-0.57%,49.34,4.01,169.07,25.42,63.73,1.05,35.34,51.81,nan,,,16.16,0.20%,57.52%,nan,3.85%,,-0.76%,124.65,397.82M,4.31M,396.4M,2.26,1.09%,1.09%
PEG,3.94,3.77,1.91,42.70%,3.00%,3.22%,12.43%,9.68,3.46,31.42,0.966,1.91,0.76,17.45,110.17,-0.20712,1.96,3.35%,3.61,0.06%,72.07%,3.19,25.62%,51.46%,19.74%,19.2,504.89M,4.71M,505.85M,2.08,0.93%,0.93%
PSA,2.03,6.49,1.13,-18.40%,0.50%,8.16%,15.93%,2.95,3.57,27.47,0.29396,1.68,0.73,2.5,29.57,1.43,8,3.43%,2.12,13.29%,82.26%,2.03,50.42%,123.27%,47.18%,16.91,151.54M,2.88M,174.82M,2.97,2.20%,1.65%
PHM,1.84,5.18,1.39,30.50%,5.80%,9.68%,23.39%,11.04,1.4,24.66,2.6,9.77,5.99,3.34,50.85,1.11,0.56,1.13%,2.79,3.36%,89.86%,1.78,16.08%,9.65%,12.75%,41.1,259.03M,6.27M,268.09M,1.9,2.69%,2.36%
PVH,0.3299,-15.99,-1.15,-66.60%,-18.10%,0.01%,-21.54%,7.64,,65.77,1.46,20.53,1.54,5.41,115.75,0.87857,,,5.4,0.49%,100.77%,1.02,0.04%,1.34%,-14.99%,106.68,70.9M,1.66M,71.1M,1.79,3.09%,2.34%
QRVO,1.27,4.16,0.48526,24.60%,26.00%,7.18%,10.98%,3.73,,39.75,1.23,10.9,3.78,1.75,38.83,0.88461,,,1.36,0.43%,88.61%,1.11,20.87%,0.00%,13.01%,32.54,112.57M,1.8M,113.26M,1.64,1.81%,1.59%
PWR,0.89556,2.7,0.39369,19.70%,-9.90%,4.34%,9.93%,11.4,,29.9,0.21694,1.56,1.69,1.48,35.73,1.15,0.24,0.31%,1.6,1.13%,93.59%,1.47,5.23%,7.41%,3.45%,79.92,137.2M,1.96M,138.86M,1.75,1.60%,1.41%
QCOM,9.13,5.85,6.73,165.40%,62.20%,13.68%,113.14%,26.69,3.41,6.5,12.3,10.83,2.15,15.73,213.16,5.04,2.6,1.79%,14.28,0.14%,77.64%,7.87,28.94%,44.01%,25.21%,23.57,1.13B,13.73M,1.14B,1.97,1.21%,1.21%
DGX,2.47,10.47,1.42,128.90%,55.90%,9.81%,23.69%,9.44,1.91,50.82,1.16,8.71,1.72,4.66,67.55,1.33,,,3.72,0.50%,91.04%,2,22.34%,21.11%,15.16%,70.43,132.28M,2.67M,133M,1.94,2.28%,2.01%
RL,0.3633,-4.03,-0.296,-64.10%,-18.20%,0.88%,-10.19%,4.39,2.31,36.83,2.79,38.12,2.55,3.71,137.72,0.47929,,,3.81,2.30%,102.85%,0.3412,2.49%,,-6.75%,59.72,46.88M,2.27M,48.2M,2.08,5.37%,3.11%
RJF,nan,6.16,0.861,16.40%,10.50%,1.84%,12.02%,7.97,1.42,53.6,15.4,111.79,2.94,3.89,52.24,nan,1.56,1.38%,7.26,10.88%,73.15%,5.41,14.96%,24.31%,10.82%,58.07,122.35M,1.81M,137.71M,2.28,1.92%,1.32%
RTX,6.4,nan,-3.11,-88.20%,-16.00%,0.93%,-4.95%,56.59,2.57,,8.8,5.82,1.21,33.34,45.12,5.48,1.9,2.62%,8.53,0.10%,77.09%,3.61,3.96%,,-6.22%,41.68,1.39B,15.5M,1.52B,2.03,1.09%,1.02%
O,1.48,1.2,0.40685,-77.30%,8.10%,2.71%,4.12%,1.63,4.23,29.86,0.72475,2.07,5.02,8.63,82.16,0.87788,2.81,4.47%,1.4,0.16%,75.60%,1.1,49.07%,231.67%,24.94%,4.81,350.31M,9.37M,373.38M,2.69,3.28%,2.51%
REG,0.62649,0.28,0.04669,-77.70%,-14.30%,1.80%,0.79%,1.06,3.67,35.69,0.27655,1.63,2.57,4.22,69.02,0.41139,2.38,4.64%,0.85853,1.09%,97.12%,0.5265,30.02%,520.27%,4.39%,6.3,167.34M,3.88M,169.68M,3.02,3.15%,2.29%
REGN,3.81,30.52,3.51,45.10%,30.00%,13.98%,31.77%,8.5,,106.05,3.59,34.44,3.62,2.7,24.45,1.14,,,4.64,2.90%,92.17%,2.62,42.09%,0.00%,41.35%,78.97,99.47M,1.94M,104.86M,1.96,2.50%,1.81%
RF,nan,1.03,0.991,58.40%,23.80%,0.80%,6.36%,4.95,3.01,17.14,17.96,18.7,,3.57,,nan,,,4.96,0.42%,75.07%,nan,28.17%,60.19%,22.08%,5.17,957.17M,22.72M,960.44M,2.73,2.71%,2.37%
RSG,2.92,3.19,1.02,-12.80%,-2.80%,4.98%,12.52%,10.16,1.98,26.28,0.4064,1.27,0.81,9.14,109.17,0.91326,1.7,1.86%,4.08,0.15%,93.57%,2.47,17.81%,51.41%,10.05%,31.81,209.37M,2.24M,318.72M,2.18,1.07%,0.70%
RMD,1.01,4.79,0.69886,11.80%,8.70%,12.55%,27.28%,3.09,1.41,19.69,0.25586,1.76,2.51,0.96581,33.71,0.65725,1.56,0.78%,1.77,0.81%,71.41%,0.88388,28.98%,32.57%,22.60%,21.34,143.03M,1.09M,145.51M,2.35,0.85%,0.75%
RHI,0.40948,2.7,0.30628,-16.30%,-15.20%,,26.20%,5.11,2.03,10.62,0.587,5.23,,0.3,25.12,nan,1.36,1.86%,2.01,2.97%,96.28%,nan,6.76%,50.37%,5.99%,45.32,108.78M,6.09M,113.98M,4.85,6.31%,5.35%
ROK,1.22,11.18,1.3,91.00%,-7.10%,8.61%,89.21%,6.21,2.05,13.41,0.7311,6.29,1.34,2.49,133.04,0.88019,,,2.6,0.18%,80.06%,1.24,16.95%,36.97%,21.03%,53.59,115.86M,2.08M,116.16M,2.65,2.00%,1.79%
ROL,0.45599,0.53,0.26082,23.40%,6.00%,12.82%,29.69%,2.16,1.04,1.91,0.09848,0.2,0.67,0.41714,44.31,nan,0.32,0.85%,1.11,55.08%,40.80%,nan,17.03%,45.28%,12.07%,4.4,242.97M,11.8M,491.62M,7.12,5.33%,2.40%
ROP,1.95,8.98,0.9497,-70.60%,7.90%,4.25%,9.51%,5.53,0.56,99.9,0.3083,2.94,0.72,9.57,91.29,1.41,2.25,0.56%,3.54,1.55%,95.42%,1.53,25.89%,29.09%,17.18%,52.84,104.35M,1.4M,104.87M,2.63,1.57%,1.33%
ROST,0.73903,0.86,0.30354,-64.60%,-2.50%,2.13%,9.64%,12.7,0.88,8.47,4.42,12.39,1.65,5.77,191.26,1.58,,,5.32,2.03%,87.29%,2.54,2.95%,63.53%,2.39%,35.99,349M,4.7M,356.46M,2.7,1.34%,1.32%
RCL,-0.63233,-19.76,-4.16,,,-3.88%,-39.56%,4.69,2.55,38.79,3.02,13.45,0.76,19.68,236.31,-3.9,,,5.1,16.28%,61.42%,-2.3,-40.82%,,-88.60%,22.29,204.49M,11.2M,237.38M,2.74,5.63%,4.72%
SPGI,4.07,9.66,2.34,-16.10%,7.60%,20.24%,82.33%,7.44,0.99,2.12,4.12,17.1,1.67,4.75,141.83,3,3.08,0.91%,5.35,0.13%,85.40%,3.57,51.96%,27.74%,31.43%,30.88,240.32M,7.83M,240.67M,3.95,3.26%,3.25%
CRM,2.02,3.86,3.56,,20.10%,0.31%,9.67%,20.29,,44.1,9.49,10.37,1.22,6.22,15.44,5.99,,,12.86,3.62%,83.47%,4.26,1.31%,0.00%,17.53%,22.51,881.75M,23.22M,917.73M,3,2.93%,2.53%
SBAC,1.38,-0.13,-0.01433,4.10%,3.00%,4.51%,,2.06,,-40.26,0.27187,2.45,0.83,13.03,,0.87454,1.86,0.70%,1.51,1.14%,97.53%,1.15,31.92%,,-0.69%,18.41,109.81M,976.58k,111.04M,1.49,1.23%,0.88%
SLB,4.22,-7.57,-10.52,12.30%,-32.80%,2.10%,-57.20%,23.6,4.26,8.67,3.01,2.16,1.23,17.9,143.3,2.6,0.5,1.92%,2.6,0.16%,76.16%,2.94,7.02%,,-44.57%,16.98,1.39B,20.88M,1.39B,1.47,1.50%,1.50%
STX,1.7,3.83,0.989,-11.90%,-2.70%,9.16%,70.14%,10.17,5.84,4.13,1.8,7.62,1.56,5.24,529.09,0.68663,2.68,3.70%,2.85,0.56%,87.80%,1.55,12.91%,68.41%,9.72%,39.66,208.06M,18.89M,236.68M,3.71,10.76%,7.98%
SEE,0.9731,3.22,0.4841,36.30%,3.20%,8.43%,,4.9,1.52,1.11,0.5487,3.54,1.38,3.84,"2,225.16",0.41364,0.64,1.47%,1.61,0.73%,94.42%,0.737,16.30%,20.65%,10.26%,31.59,145.81M,2.26M,155.15M,2.05,1.67%,1.46%
SRE,4.35,13.01,1.88,-53.00%,-4.10%,2.58%,9.92%,11.14,2.92,69.73,3.52,12.21,0.84,25.91,104.25,-1.3,4.18,3.32%,4.2,0.07%,87.85%,2.6,24.39%,63.21%,35.48%,38.42,288.12M,2.55M,288.47M,1.27,1.00%,0.88%
NOW,0.54139,0.59,0.1185,-97.20%,31.40%,1.74%,4.78%,4.52,,14.5,3.09,15.82,1.21,2.14,75.33,1.79,,,3.53,0.52%,91.12%,1.79,4.54%,0.00%,2.62%,23.41,194.68M,2.34M,195.1M,1.58,1.21%,1.20%
SHW,3.43,22.08,2.03,63.70%,9.10%,8.72%,52.50%,18.36,0.91,40.29,0.2266,2.53,1,10.11,280.09,nan,5.36,0.75%,8.68,9.52%,80.01%,nan,15.54%,24.28%,11.06%,203.06,80.03M,1.01M,90.82M,2.36,1.23%,1.11%
SPG,3.33,3.59,1.11,-30.90%,-25.00%,3.73%,37.63%,4.58,5.46,9.12,1.01,3.08,0.67,27.24,744.59,nan,5.2,4.76%,3.69,0.47%,84.75%,nan,43.07%,167.13%,24.30%,14.83,325.79M,16.64M,328.13M,3.94,6.53%,5.07%
SWKS,1.55,6.33,1.07,98.10%,68.50%,14.53%,24.58%,3.97,1.45,26.77,1.02,6.18,5.07,0.1857,4.21,0.5982,2,1.06%,1.64,0.35%,79.52%,1.29,30.77%,29.61%,26.88%,23.73,164.26M,3.17M,164.9M,1.38,2.18%,1.92%
SLG,0.56976,4.87,0.3561,204.80%,-26.90%,1.19%,7.09%,1.03,3.84,66.49,0.26606,3.77,2.39,5.42,98.63,nan,3.64,5.63%,0.63899,,,nan,22.72%,59.02%,36.96%,14.12,70.13M,10.37M,68.51M,7,22.09%,15.14%
SNA,0.9772,11.44,0.627,22.50%,12.40%,8.98%,17.76%,3.94,2.1,70.57,0.9232,17.03,2.65,1.48,38.6,1.03,4.92,2.59%,2,1.44%,97.21%,1.01,22.33%,39.07%,15.91%,72.6,53.41M,4.43M,54.21M,9.82,9.37%,8.17%
SO,8.87,2.99,3.17,-4.90%,-6.30%,2.68%,9.68%,20.17,4.56,26.78,3.38,3.2,0.9,51.93,158.38,-1.42,2.56,4.18%,9.63,0.13%,59.83%,6.12,25.55%,84.56%,15.73%,19.08,1.05B,8.08M,1.06B,2.07,0.77%,0.77%
LUV,-3.99,-5.44,-3.07,,-64.90%,-10.42%,-32.86%,9.05,1.04,15.03,13.33,22.57,2.02,12.2,137.51,-3.34,,,-1.88,0.25%,76.04%,-1.13,-55.74%,,-33.97%,16.01,588.55M,16.7M,590.47M,2.33,3.61%,2.83%
SWK,2.39,7.77,1.21,134.70%,18.70%,5.14%,12.22%,14.53,1.82,70.5,1.38,8.8,1.32,4.25,38.38,1.37,2.8,1.60%,5.04,0.22%,90.37%,2.02,12.49%,35.78%,8.49%,94.27,156.54M,2.65M,160.22M,2,1.67%,1.66%
SBUX,2.87,0.57,0.6648,-29.80%,-4.90%,2.93%,,23.17,1.77,-6.72,5.26,4.47,1.06,24.98,,-0.41984,1.8,1.70%,5.14,0.17%,69.50%,1.6,5.83%,294.74%,2.87%,19.78,1.18B,10.87M,1.18B,1.76,0.92%,0.92%
STT,nan,6.32,2.26,-4.80%,-2.80%,0.86%,9.56%,11.61,2.4,67.19,124.35,352.11,,21.21,,nan,2.08,2.85%,11.62,0.48%,95.28%,nan,28.55%,32.91%,20.83%,32.92,334.1M,4.94M,353.16M,2.13,1.40%,1.40%
STE,0.81086,5.03,0.43186,9.10%,4.50%,6.29%,11.88%,3.06,1.18,45.31,0.2525,2.96,2.33,1.86,48.08,0.34553,1.6,0.88%,1.32,0.52%,94.21%,0.70102,19.62%,30.62%,14.13%,35.93,84.93M,1.22M,85.35M,2.46,1.61%,1.43%
SYK,3.75,4.2,1.6,-21.70%,3.20%,5.70%,12.35%,14.35,1.14,34.81,3.02,8.05,1.93,13.23,101.12,4,2.52,1.03%,9.16,7.43%,74.39%,3.28,20.49%,56.07%,11.14%,38.22,332.52M,2.3M,375.79M,2,0.69%,0.61%
SIVB,nan,22.87,1.19,49.50%,49.30%,1.39%,17.19%,3.78,,151.86,17.67,340.63,,1.12,,nan,,,3.78,0.42%,93.50%,nan,46.85%,0.00%,31.99%,73.08,51.58M,842.13k,51.89M,1.61,1.83%,1.62%
SYF,nan,2.27,1.34,1.00%,-2.80%,1.38%,9.97%,5.85,,20.49,11.52,19.73,,15.77,,nan,0.88,2.36%,5.85,0.37%,101.79%,nan,30.71%,38.77%,22.95%,9.94,539.81M,10.78M,584M,1.61,1.85%,1.85%
SNPS,0.81457,4.27,0.66435,22.90%,20.50%,5.68%,14.74%,3.69,,32.15,1.24,8.07,1.19,0.66349,13.51,0.76949,,,2.94,0.65%,90.88%,0.99131,17.81%,0.00%,18.03%,24.38,152.01M,1.79M,153.03M,2.69,1.33%,1.17%
SYY,1.57,-0.66,-0.33753,-82.40%,-23.10%,2.53%,-16.77%,45.9,2.39,2.8,5.79,11.34,1.78,14.51,991.92,1.72,1.8,2.36%,9.9,0.14%,83.63%,1.8,1.85%,,-0.74%,90.17,509.51M,7.4M,510.41M,3.03,1.52%,1.45%
TMUS,23.57,2.65,2.74,-0.10%,71.20%,4.10%,5.83%,68.4,,52.62,10.39,8.36,1.1,107.25,164.13,5.09,,,40.78,52.72%,41.89%,8.64,13.77%,0.00%,4.48%,59.78,582.33M,12.98M,1.24B,3.46,3.30%,1.04%
TROW,2.94,9.98,2.31,43.70%,18.00%,17.17%,28.85%,6.21,2.66,33.98,2.15,9.49,3.9,nan,,nan,4.32,2.65%,3.59,1.72%,71.99%,nan,44.24%,36.07%,38.23%,27.13,224.18M,5.08M,227.55M,4.35,2.26%,2.24%
TTWO,0.6029,4.27,0.4928,11.40%,-7.40%,6.02%,17.73%,3.29,,28.81,2.42,22.1,1.78,0.18738,5.94,0.66017,,,1.55,1.76%,95.33%,1.03,15.87%,0.00%,14.96%,28.85,109.12M,2.07M,115.11M,1.76,2.04%,1.80%
TPR,0.7835,-1.55,-0.4282,4.10%,-7.20%,4.14%,-13.78%,4.65,4.15,10.41,1.65,5.95,1.88,3.81,131.92,0.61781,,,3.36,0.24%,89.75%,0.5916,12.01%,,-9.22%,16.78,277.1M,6.97M,277.84M,1.6,3.20%,2.51%
TGT,8.74,7.54,3.82,42.00%,21.30%,8.21%,30.74%,88.62,3.05,26.6,6.02,12.01,1.05,15.02,112.8,5.99,2.72,1.43%,23.25,0.21%,82.59%,10,6.99%,35.28%,4.31%,176.54,499.27M,5.21M,500.77M,1.29,1.04%,1.04%
TEL,2.57,0.34,0.093,1365.40%,11.20%,5.73%,0.91%,12.53,2,29.78,1.1,3.32,1.59,4.35,43.62,1.47,1.92,1.52%,3.73,0.19%,94.89%,2.22,14.74%,678.57%,0.91%,37.84,328.01M,2.37M,331.05M,1.32,0.80%,0.72%
FTI,1.31,-12.64,-5.66,,0.00%,2.41%,-78.32%,13.35,,9.32,4.36,9.69,1.1,4.69,109.75,0.46004,0.13,1.31%,2.46,0.68%,83.64%,0.6612,6.30%,,-42.41%,29.81,422.82M,20.17M,449.47M,2.38,4.50%,4.49%
TDY,0.60887,10.6,0.4019,14.20%,-3.00%,6.38%,13.52%,3.09,,84.96,0.6731,17.71,2.26,0.7785,24.11,nan,,,1.18,1.50%,89.31%,nan,15.95%,0.00%,13.02%,81.43,37.41M,1.74M,36.95M,3.92,5.62%,4.70%
TFX,0.65375,7.77,0.36701,-49.10%,-3.10%,4.17%,12.05%,2.51,0.56,69.5,0.37328,8.02,2.99,2.22,68.57,0.22611,1.36,0.33%,1.49,0.34%,92.76%,0.38866,17.14%,17.53%,14.66%,54,46.41M,570.6k,46.57M,2.76,1.59%,1.23%
TER,1.03,4.28,0.78415,57.00%,15.90%,17.55%,42.53%,3.12,0.78,13.29,1.44,8.65,3.45,0.47276,21.42,0.43871,0.4,0.30%,1.79,0.27%,98.98%,0.86893,28.96%,9.35%,25.12%,18.79,165.4M,6.83M,166.06M,3.86,5.25%,4.11%
TSLA,4.27,0.64,0.69,157.10%,45.50%,2.82%,5.42%,31.54,,23.15,19.38,20.19,1.88,13.34,56.32,3.4,,,6.63,19.99%,42.53%,5.94,6.19%,0.00%,2.29%,33.8,769.14M,52.38M,959.85M,1.4,6.79%,5.46%
TXN,6.86,5.97,5.57,57.80%,21.70%,19.82%,61.84%,14.46,2.45,9.99,6.57,7.14,4.28,7.12,77.49,4.07,4.08,2.28%,9.27,0.23%,86.66%,6.14,40.97%,62.31%,38.69%,15.7,918.73M,12.05M,919.35M,2.6,1.31%,1.31%
TXT,1.01,1.35,0.309,18.60%,-9.10%,2.58%,5.44%,11.65,0.18,25.48,2.15,9.36,2.26,4.48,76.65,1.22,0.08,0.16%,0.751,0.45%,86.85%,0.832,5.40%,,2.65%,50.88,228.23M,2.84M,228.88M,2.53,1.66%,1.24%
TMO,10.21,15.96,6.38,149.30%,54.50%,7.74%,19.87%,32.22,0.3,86.92,10.33,26.01,2.13,21.74,62.99,5.62,0.88,0.18%,16.51,0.15%,91.36%,8.29,24.48%,5.51%,19.79%,81.36,396.08M,2.95M,396.34M,1.73,0.74%,0.74%
TJX,1.92,0.62,0.74974,4.60%,-3.20%,2.34%,13.50%,33.4,1.36,4.64,10.58,8.81,1.41,15.64,281,5.25,1.04,1.51%,14.85,0.09%,92.48%,6.47,3.13%,75.41%,2.24%,27.85,1.2B,9.83M,1.2B,1.7,0.82%,0.82%
TSCO,1.29,6.38,0.74896,-5.70%,31.30%,10.85%,42.91%,10.62,1.32,16.51,1.34,11.52,1.87,3.54,184.09,0.9021,2.08,1.33%,3.76,0.46%,92.30%,1.39,10.08%,23.51%,7.05%,91.26,115.91M,4.34M,116.5M,3.44,4.21%,3.73%
TT,1.86,nan,0.9772,-17.40%,-23.40%,5.06%,14.43%,12.45,1.83,,3.29,13.47,1.59,5.27,82.03,1.79,,,3.8,0.42%,85.12%,1.44,12.56%,52.74%,6.86%,51.23,243.46M,2.13M,238.43M,1.62,0.89%,0.89%
TDG,1.89,6.57,0.396,-83.60%,-24.40%,5.50%,,4.75,,-68.21,4.91,89.73,4.53,20.48,,-1.08,,,2.69,1.28%,99.01%,1.05,34.05%,0.00%,9.38%,83.82,54.12M,1.99M,54.69M,7.21,4.93%,3.64%
TRV,4.37,10.52,2.68,50.10%,4.10%,1.97%,9.78%,31.98,2.34,115.69,6.23,24.69,0.39,6.55,22.43,9.17,3.4,2.32%,8.09,0.29%,84.50%,6.52,11.18%,32.03%,8.43%,126.16,251.54M,6.21M,252.21M,4.31,2.47%,2.46%
TRMB,0.6431,1.55,0.3899,-35.40%,0.70%,4.12%,11.63%,3.15,,14.34,0.2377,0.95,0.98,1.66,46.03,0.4627,,,1.85,0.47%,97.65%,0.672,14.16%,0.00%,12.39%,12.57,249.47M,2.44M,250.18M,0.64,1.09%,0.98%
TFC,nan,nan,4.18,84.30%,58.50%,0.91%,6.53%,20.37,3.1,,24.48,18.15,,45.69,,nan,1.8,3.35%,20.37,0.26%,74.39%,nan,36.22%,58.44%,22.00%,15.12,1.34B,9.44M,1.35B,1.67,0.70%,0.70%
TWTR,0.52184,-1.44,-1.14,87.00%,28.00%,0.13%,-13.62%,3.72,,10.04,7.47,9.41,4.42,4.48,56.26,0.13102,,,2.35,2.27%,76.36%,0.99287,0.72%,0.00%,-30.56%,4.72,774.41M,17.69M,795.35M,0.93,2.54%,2.22%
TYL,0.22262,4.69,0.19482,15.60%,-1.90%,4.50%,10.81%,1.12,,49.16,0.70915,17.55,1.97,0.02218,1.12,0.28762,,,0.54251,1.32%,95.14%,0.35509,15.49%,0.00%,17.45%,27.89,39.89M,882.32k,40.33M,3.63,2.54%,2.19%
TSN,5.01,5.86,2.14,87.50%,5.30%,7.07%,14.42%,43.19,1.67,42.37,1.42,3.9,1.86,11.87,76.09,2.51,1.78,2.72%,5.9,2.58%,82.45%,3.87,8.88%,28.67%,4.96%,118.97,286.25M,3.76M,294.79M,1.74,1.46%,1.03%
UDR,0.77469,0.2,0.06004,-72.80%,-0.50%,0.98%,1.62%,1.26,3.26,10.75,0.00141,0,0.6,5.17,125.69,nan,1.44,3.32%,0.84208,1.00%,99.35%,nan,11.97%,711.25%,5.10%,4.28,293.77M,5.4M,296.61M,3.33,3.36%,1.84%
ULTA,0.68608,4.01,0.22706,-42.40%,-7.80%,4.90%,12.27%,6.26,,32.92,0.5609,9.96,1.83,1.91,103.21,0.54333,,,3,4.37%,90.72%,0.80283,6.14%,0.00%,3.63%,110.75,54.11M,2.37M,56.34M,3.37,4.95%,4.20%
USB,nan,3.06,4.62,2.20%,2.30%,0.95%,9.39%,19.42,2.77,31.26,62.58,41.53,,53.06,,nan,1.68,3.56%,19.42,0.09%,75.21%,nan,32.06%,54.90%,25.53%,12.87,1.5B,15.95M,1.51B,2.02,1.06%,1.06%
UAA,0.16552,-1.21,-0.54918,,-2.60%,0.01%,-28.71%,4.47,,3.68,1.52,3.34,2.28,2.01,119.66,0.24869,,,2.17,0.43%,91.69%,0.21286,0.01%,0.00%,-12.27%,9.85,350.24M,14.24M,188.53M,2.71,8.79%,3.13%
UA,0.16552,-1.21,-0.54918,,-2.60%,0.01%,-28.71%,4.47,,3.68,1.52,3.34,2.28,2.01,119.66,0.24869,,,2.17,16.04%,72.51%,0.21286,0.01%,0.00%,-12.27%,9.85,350.24M,26.62M,231.68M,7.27,,5.85%
UNP,10.09,7.88,5.35,-1.60%,-1.40%,7.94%,30.49%,19.53,2.13,25.26,1.86,2.78,1.01,28.33,167.08,3.83,3.88,1.87%,11.43,0.16%,80.94%,8.54,40.33%,49.24%,27.38%,28.84,668.47M,5.38M,673.87M,1.8,0.80%,0.80%
UAL,-6.49,-25.3,-7.07,,-68.70%,-10.00%,-80.83%,15.35,,19.11,11.68,37.46,1.16,33.89,568.64,-8.15,,,-2.54,0.23%,62.12%,-4.09,-58.45%,0.00%,-46.04%,54.96,311.05M,16.37M,311.84M,1.16,5.98%,5.25%
UNH,25.3,16.03,15.4,-37.50%,7.50%,7.55%,23.77%,257.14,1.44,71.1,19.78,20.58,0.74,43.47,61.62,16.75,5,1.50%,67,0.58%,89.32%,22.17,8.71%,30.13%,5.99%,267.58,955.44M,6.54M,948.82M,2.08,0.69%,0.69%
UPS,5.68,1.64,1.43,,21.00%,3.10%,70.71%,84.63,3.08,0.86,6.32,7.3,1.19,27.75,"3,685.79",-0.73588,4.04,2.49%,32.77,0.01%,69.48%,10.46,3.53%,246.34%,1.69%,97.61,715.39M,7.03M,718M,1.86,0.98%,0.81%
URI,2.28,12.2,0.89,-12.10%,-7.20%,6.43%,21.25%,8.53,,62.95,0.202,2.8,1.07,10.41,229.02,2.58,,,3.23,0.43%,100.80%,2.66,22.23%,0.00%,10.43%,117.4,71.97M,3.63M,72.2M,4.74,5.71%,5.02%
UHS,1.89,10.2,0.87782,148.30%,3.20%,7.04%,15.52%,11.37,0.37,70.17,1.1,12.96,1.12,3.94,65.25,1.65,,,4.54,2.90%,96.26%,2.55,12.17%,3.93%,7.74%,132.69,75.31M,1.32M,77.72M,2.26,1.97%,1.55%
UNM,1.27,3.89,0.793,-54.30%,40.80%,1.05%,7.61%,13.16,3.17,53.37,1.67,8.18,41.62,3.45,31.75,nan,1.14,4.70%,3.1,0.75%,91.47%,nan,8.75%,29.31%,6.02%,64.63,202.68M,5.67M,203.69M,2.45,3.19%,2.78%
VLO,0.77633,-3.5,-1.42,,-37.20%,,-5.20%,64.91,4.33,47.14,4.05,9.92,,16.42,82.02,nan,3.92,6.07%,1.27,0.34%,79.34%,nan,-2.39%,,-2.19%,159.49,406.13M,9.26M,407.79M,2.53,2.28%,2.27%
VAR,0.5245,3.03,0.2775,9.40%,-6.00%,5.92%,13.51%,3.12,,24.38,0.7733,8.42,1.51,0.3505,15.59,0.4108,,,1.38,0.33%,91.72%,0.5129,13.63%,0.00%,8.90%,34.26,91.51M,3.02M,91.84M,3.97,4.22%,3.29%
VTR,1.58,0.91,0.34014,-85.00%,-6.50%,1.60%,3.17%,3.86,5.38,27.27,0.58834,1.57,0.73,12.3,116.69,1.32,1.8,3.55%,2.05,0.43%,96.32%,1.51,16.26%,273.08%,8.82%,10.34,373.12M,7.83M,374.57M,3.79,2.73%,2.09%
VRSN,0.86472,6.93,0.8059,11.10%,3.10%,28.01%,,1.26,,-12.13,1.15,10.08,1.23,1.79,,0.53865,,,1.05,1.30%,92.90%,0.72856,65.18%,0.00%,64.20%,10.83,106.1M,1.44M,114.11M,2.38,1.64%,1.26%
VRSK,1.23,4.03,0.6687,464.70%,7.70%,9.04%,29.82%,2.75,,14.88,0.2255,1.39,0.56,3.44,142.02,0.64017,1.08,0.57%,1.63,1.04%,92.54%,0.9956,35.54%,26.30%,24.33%,16.88,161.02M,1.33M,162.59M,1.9,0.93%,0.82%
VZ,45.52,4.3,17.8,-10.00%,-0.20%,5.92%,27.78%,128.29,4.41,16.4,22.17,5.36,1.38,150.55,217.33,13.66,2.51,4.60%,77.09,0.03%,66.32%,41.77,22.45%,57.79%,13.88%,30.99,4.14B,41.84M,4.14B,2.01,1.01%,1.01%
VRTX,2.99,10.29,2.71,3.60%,15.20%,17.94%,36.71%,6.21,,33.42,6.66,25.62,5.02,0.58148,6.69,nan,,,3.65,0.09%,95.68%,nan,46.41%,0.00%,43.70%,23.88,259.51M,3.47M,260.04M,2.03,1.34%,1.34%
VFC,0.89945,-0.43,-0.18992,-25.30%,-5.80%,3.22%,-4.93%,8.76,2.48,8.03,3.85,9.84,2.92,7.3,232.59,1.03,1.96,2.44%,5.82,7.40%,80.27%,1.17,7.22%,,-1.89%,22.47,362.46M,6M,391.71M,2.33,1.71%,1.53%
VIAC,4.44,nan,1.32,-2.40%,-8.70%,6.65%,15.51%,25.93,1.77,,3.09,5,1.7,21.49,139.18,14.67,0.96,1.68%,10.59,4.15%,91.45%,2.11,15.57%,44.65%,5.22%,42.16,550.9M,88.16M,564.98M,5.09,16.25%,14.28%
VTRS,3.51,nan,0.2664,-2.20%,0.40%,3.63%,2.22%,11.51,,,0.7445,1.44,1.01,12.51,99.7,1.86,,,4.55,0.44%,40.35%,1.88,15.72%,0.00%,2.31%,22.28,515.95M,31.83M,1.22B,2.77,2.89%,2.62%
V,14.74,4.84,10.36,-4.50%,-6.10%,11.24%,29.39%,21.48,0.62,15.9,18.04,8.44,2.12,21.06,55.88,8.19,1.28,0.61%,21.12,0.11%,96.02%,10.08,64.97%,25.15%,49.91%,10.07,1.55B,27.14M,1.7B,2.72,1.60%,1.27%
VNT,0.6258,nan,0.3314,16.50%,4.50%,12.43%,20.23%,2.63,,,nan,,1.07,0.0535,3.37,0.5828,,,1.19,19.91%,28.67%,0.7035,20.67%,0.00%,12.59%,15.64,168.37M,4.4M,168.5M,1.16,3.26%,2.61%
VNO,0.68845,0.28,0.05344,-80.40%,-20.70%,1.12%,-1.15%,1.69,4,29.16,1.41,7.38,5.68,8.01,105.63,0.66472,2.12,5.42%,1.08,8.22%,84.61%,0.45593,18.92%,920.36%,6.12%,8.87,168.24M,16.33M,191.26M,6.16,11.12%,8.54%
VMC,1.28,4.58,0.61468,-7.40%,-7.70%,5.09%,10.72%,4.87,0.84,44.76,1.08,8.18,2.12,3.73,62.92,0.62788,1.36,0.85%,1.26,0.18%,92.07%,1.12,18.52%,28.85%,12.55%,36.73,132.19M,1.09M,132.51M,1.36,0.93%,0.82%
WRB,0.9924,2.81,0.53067,161.60%,17.00%,,8.77%,8.1,0.75,33.64,3.17,17.81,,3.28,54.38,nan,0.48,0.70%,3.25,23.92%,73.47%,nan,10.67%,16.73%,6.55%,43.33,140.09M,1.65M,177.82M,1.76,1.15%,0.93%
WAB,1.2,2.41,0.4607,40.60%,-6.80%,2.87%,4.68%,7.9,0.58,52.64,0.5593,2.94,1.22,4.51,44.87,0.74143,0.48,0.58%,2.5,5.34%,96.48%,0.9059,10.83%,19.67%,5.85%,41.44,180.68M,3.61M,190.33M,3.17,2.24%,1.89%
WMT,38.02,6.93,19.74,56.20%,5.20%,6.72%,24.13%,548.74,2.23,28.76,14.33,5.06,0.83,69.2,79.08,26.78,2.16,1.50%,129.36,51.07%,30.35%,33.6,4.81%,31.02%,3.60%,193.71,1.43B,15.04M,2.83B,1.97,1.08%,0.53%
WBA,4.49,-0.8,-0.697,,5.70%,2.00%,-3.18%,141.51,2.74,23.22,1.11,1.29,0.69,41.88,201.9,2.63,1.87,3.62%,28.02,17.25%,58.84%,5.62,2.03%,,-0.49%,162.11,715.53M,15.27M,864.04M,1.88,2.13%,1.77%
DIS,9.71,-1.59,-2.83,,-23.10%,1.38%,-2.44%,65.39,1.38,46.18,17.91,9.9,1.32,62.32,63.91,6.23,,,21.51,0.20%,65.57%,7.62,6.67%,,-4.38%,36.17,1.81B,18.44M,1.81B,1.94,1.02%,1.02%
WM,4.18,3.54,1.5,-21.20%,-2.70%,6.14%,21.59%,15,2.08,16.93,0.703,1.66,1.2,10.42,145.62,1.43,2.3,2.03%,5.97,0.15%,79.22%,3.67,17.00%,60.66%,10.03%,35.41,421.77M,3.36M,422.61M,1.96,0.80%,0.80%
WAT,0.82393,8.36,0.52157,8.80%,9.80%,15.95%,6575.94%,2.37,,3.73,0.44315,7.13,,1.36,584.34,nan,,,1.36,0.57%,92.36%,0.79051,29.11%,0.00%,22.05%,38.09,61.82M,1.39M,62.05M,4.12,2.56%,2.24%
WEC,2.68,3.79,1.2,-2.00%,-0.70%,2.96%,11.48%,7.24,2.96,33.19,0.0248,0.08,0.5,14.29,134.03,-0.5741,2.71,3.23%,2.89,0.17%,74.57%,2.2,23.56%,66.75%,16.57%,22.96,314.72M,3.89M,315.44M,2.92,1.42%,1.23%
WFC,nan,0.41,1.71,4.10%,-6.20%,0.19%,1.92%,58.21,3.76,39.73,431.23,104.06,,288.46,,nan,0.4,1.22%,58.21,0.12%,69.48%,nan,3.57%,297.56%,5.67%,14.14,4.14B,48.05M,4.14B,1.23,1.16%,1.16%
WELL,1.87,2.33,0.97884,-27.00%,-11.20%,1.55%,6.07%,4.61,5.04,38.27,1.55,3.7,6.66,14.34,83.22,2.14,2.44,3.67%,1.98,0.17%,92.94%,1.36,17.73%,108.43%,21.25%,11.09,416.66M,5.55M,417.38M,2.64,1.73%,1.33%
WST,0.476,4.13,0.3117,46.20%,20.10%,9.70%,19.44%,2.04,0.49,23.26,0.5194,7.03,2.77,0.3295,19.17,0.20706,0.66,0.23%,0.6057,0.58%,94.54%,0.4302,18.12%,15.50%,15.30%,27.53,73.46M,699.14k,73.93M,1.6,1.21%,0.95%
WDC,2.08,0.55,0.167,,-6.90%,1.48%,1.74%,16.33,3.42,32.12,2.96,9.66,2.01,9.5,96.61,0.37362,,,3.78,0.52%,79.41%,1.1,3.72%,87.72%,1.02%,54.15,304.99M,6.74M,306.1M,1.13,2.51%,2.21%
WU,1.23,1.79,0.7443,30.80%,-2.70%,6.88%,1011.96%,4.83,3.61,0.45,1.43,3.47,0.27,3.07,"1,643.73",1.2,0.94,3.99%,2.01,0.48%,107.84%,0.8775,20.77%,50.28%,15.39%,11.73,408.94M,30.45M,411.2M,6.41,10.21%,7.41%
WRK,2.73,-2.61,-0.6775,9.70%,-0.50%,2.71%,-5.90%,17.56,3.76,41.64,0.2538,0.96,1.6,9.71,88.41,1.55,0.8,1.86%,3.2,1.34%,83.76%,2.36,7.37%,,-3.86%,67.44,259.62M,2.87M,263.52M,1.47,1.41%,1.09%
WY,1.96,1.07,0.797,,33.30%,5.67%,9.43%,7.53,4.23,11.68,0.495,0.66,1.69,5.47,62.71,1.09,0.68,1.99%,2.08,0.19%,82.18%,1.53,19.70%,47.66%,10.58%,10.08,745.49M,9.21M,746.42M,2.15,1.45%,1.23%
WHR,2.48,17.07,1.08,72.60%,7.70%,6.09%,24.27%,19.46,2.91,61.27,2.92,47.16,1.08,6.21,131.81,1.26,5,2.54%,3.85,0.45%,96.89%,1.5,9.82%,28.41%,5.56%,310.3,61.73M,3.87M,62M,4.13,8.68%,6.24%
WMB,4.2,0.18,0.231,39.80%,-3.30%,3.42%,0.11%,7.73,6.57,9.92,0.07,0.06,0.75,22.38,150.24,0.64912,1.64,7.36%,4.7,0.15%,88.29%,3.37,32.05%,831.58%,2.83%,6.38,1.21B,20.72M,1.21B,2.22,1.92%,1.71%
WLTW,2.09,7.65,0.996,-12.50%,2.80%,2.29%,9.58%,9.35,1.52,83.9,2.09,16.2,1.05,6.7,61.33,1.79,2.84,1.24%,3.85,0.23%,92.34%,1.77,14.46%,32.93%,10.65%,71.94,128.38M,8.61M,128.97M,8.09,8.81%,6.68%
WYNN,-0.51005,-19.37,-2.07,,-58.50%,,-467.80%,2.1,2.33,-1.2,3.55,33.18,,12.92,,nan,,,0.35264,9.48%,73.31%,nan,-58.78%,,-98.63%,19.63,96.3M,8.28M,114.64M,2.96,8.80%,7.67%
XEL,4.19,2.79,1.47,-1.40%,5.30%,,10.90%,11.53,2.89,26.22,0.904,1.72,,22.46,163.05,nan,1.72,2.79%,4.68,0.32%,79.15%,nan,18.36%,61.65%,12.78%,21.87,524.32M,4.81M,537.3M,2,0.90%,0.89%
XRX,0.776,0.85,0.178,-90.60%,-21.00%,1.71%,3.31%,7.02,3.64,28.19,2.62,13.23,2.33,4.78,82.22,0.537,1,4.24%,2.63,4.84%,89.60%,0.548,5.81%,119.05%,2.73%,33.6,160M,4.66M,198.39M,2.05,3.24%,2.35%
XLNX,0.9556,2.5,0.62088,5.50%,11.00%,8.92%,23.70%,3.05,1.84,10.6,3.32,13.55,3.56,2.04,78.64,0.94681,,,2.14,0.19%,87.67%,1.2,25.02%,60.40%,20.34%,12.44,244.69M,6.42M,245.12M,2.05,3.37%,2.62%
XYL,0.751,1.4,0.254,25.40%,0.10%,3.80%,8.55%,4.88,1.2,16.45,1.88,10.39,1.8,3.08,103.63,0.62837,,,1.83,1.02%,91.12%,0.824,10.25%,74.29%,5.21%,27.07,179.63M,1.65M,180.23M,1.54,1.04%,0.91%
YUM,1.8,2.94,0.904,-32.00%,2.90%,18.70%,,5.65,1.88,-26.3,0.73,2.43,1.01,10.73,,0.91588,2,1.90%,2.69,0.17%,78.72%,1.3,29.33%,63.95%,15.99%,18.72,299.35M,3.63M,300M,2.34,1.21%,1.21%
ZBRA,0.785,8.76,0.474,-14.70%,0.20%,8.11%,26.15%,4.33,,36.23,0.039,0.73,0.68,1.73,89.44,0.73663,,,2.1,1.13%,90.42%,0.796,14.91%,0.00%,10.94%,80.84,52.88M,487.92k,53.32M,1.35,1.05%,0.92%
ZBH,2,-0.67,-0.1389,4.10%,-1.90%,2.45%,-1.12%,7.02,0.78,58.82,0.8021,3.87,1.99,8.13,66.61,1.18,0.96,0.60%,4.9,0.17%,90.66%,1.2,13.71%,,-1.98%,33.94,207.14M,2.73M,207.28M,2.33,1.32%,1.32%
ZION,nan,3.02,0.505,55.20%,10.40%,0.72%,7.07%,2.4,1.96,44.61,7.65,46.61,,2.91,,nan,,,2.4,1.50%,88.01%,nan,29.02%,45.03%,22.41%,14.69,161.78M,3.03M,164.09M,1.98,2.16%,1.85%
ZTS,2.78,3.47,1.66,10.60%,12.80%,11.85%,52.89%,6.54,0.6,7.58,3.66,7.7,2.82,7.9,219.07,1.33,1,0.61%,4.37,0.08%,94.21%,1.99,36.23%,22.02%,25.42%,13.75,474.57M,3.69M,475.27M,2.15,0.78%,0.78%
