ticker,name,div_yld,eps,pe,1y_est,52wk_low,52wk_high,avg_vol,beta,mktcap,px,div
MMM,3M Company ,3.27,9.25,19.16,182.93,114.04,187.27,2761219,0.95,102.622,177.21,5.92
ABT,Abbott Laboratories ,1.42,2.5,50.68,134.88,61.61,126.87,4921956,0.73,224.806,126.84,1.8
ABBV,AbbVie Inc. ,5.01,2.72,38.14,120.48,62.55,113.41,7642975,0.81,183.168,103.75,5.2
ABMD,"Abiomed, Inc. ",,4.39,73.61,378,119.01,387.4,308061,1.39,14.606,322.93,
ACN,Accenture plc ,1.37,8.12,31.88,281.36,137.15,271.18,1895051,1.12,171.584,258.97,3.52
ATVI,"Activision Blizzard, Inc. ",,2.82,36.61,111.02,50.51,104.23,6491364,0.66,79.79,103.24,
ADBE,Adobe Inc. ,,10.83,45.86,563.44,255.13,536.88,2575945,0.97,237.732,496.62,
AMD,"Advanced Micro Devices, Inc. ",,2.06,44.89,102.37,36.75,99.23,42946298,2.2,112.241,92.66,
AAP,"Advance Auto Parts, Inc. ",0.65,6.87,22.49,176.75,71.33,177.92,1061445,1.32,10.481,154.46,1
AES,The AES Corporation ,2.15,-0.53,,28.29,8.11,28.68,6375579,0.87,18.624,28,0.6
AFL,Aflac Incorporated ,2.82,6.67,7.03,46.8,23.07,52.82,3815290,0.98,32.469,46.89,1.32
A,"Agilent Technologies, Inc. ",0.61,2.3,55.2,125.71,61.13,129.34,1793579,1.01,38.772,126.96,0.78
APD,"Air Products and Chemicals, Inc. ",2.33,8.51,30.27,302.14,167.43,327.89,1457235,0.81,57.021,257.69,6
AKAM,"Akamai Technologies, Inc. ",,3.37,30.11,126,75.18,124.91,1833303,0.41,16.538,101.46,
ALK,"Alaska Air Group, Inc. ",,-10.59,,60.29,20.02,66.96,1900588,1.82,7.134,57.69,
ALB,Albemarle Corporation ,0.96,3.59,44.53,134.68,48.89,188.35,1695775,1.59,18.644,159.85,1.54
ARE,"Alexandria Real Estate Equities, Inc. ",2.54,6.01,28.62,192.38,109.22,179.79,874466,0.77,23.508,171.98,4.36
ALXN,"Alexion Pharmaceuticals, Inc. ",,2.72,56.83,172.65,72.67,162.6,2833254,1.24,33.965,154.59,
ALGN,"Align Technology, Inc. ",,22.41,26.73,610,127.88,634.46,530203,1.72,47.231,599,
ALLE,Allegion plc ,,3.24,36.77,118.22,77.37,139.24,659274,1.13,10.963,119.11,
LNT,Alliant Energy Corporation ,3.31,2.69,18.13,57.11,37.66,60.28,1191427,0.33,12.166,48.71,1.61
ALL,The Allstate Corporation ,2.07,17.31,6.04,125.14,64.13,125.92,1795020,0.83,31.782,104.48,2.16
GOOGL,Alphabet Inc. ,,58.61,35.64,2283.14,1008.87,2115,1667541,0.99,1410,2088.75,
GOOG,Alphabet Inc. ,,58.61,35.76,2198.33,1013.54,2123.55,1572866,0.99,1410,2095.89,
MO,"Altria Group, Inc. ",7.9,2.4,18.05,48.87,30.95,46.22,8991051,0.62,80.488,43.31,3.44
AMZN,"Amazon.com, Inc. ",,41.83,77.99,4002.71,1626.03,3552.25,3691633,1.14,1643,3262.13,
AMCR,Amcor plc ,4.18,0.31,36.1,12.32,5.8,12.4,5858488,0.44,17.65,11.3,0.47
AEE,Ameren Corporation ,2.84,3.42,21.2,85.39,58.74,87.66,1612203,0.25,17.937,72.56,2.06
AAL,American Airlines Group Inc. ,,-18.36,,11.94,8.25,30.27,75846087,1.83,10.559,16.99,
AEP,"American Electric Power Company, Inc. ",3.75,3.86,20.44,93.78,65.14,104.63,2988712,0.25,39.19,78.95,2.96
AXP,American Express Company ,1.34,3.77,34.03,130.32,67,138.04,3942006,1.28,103.315,128.31,1.72
AIG,"American International Group, Inc. ",3.02,-5.72,,41.6,16.07,50.66,4763504,1.36,35.839,41.6,1.28
REIT ,American Tower Corporation ,2.12,4.23,53.86,276.5,174.32,272.2,2293458,0.23,101.201,227.82,4.84
AWK,"American Water Works Company, Inc. ",1.33,3.65,45.16,165,92,172.56,864912,0.22,29.879,164.83,2.2
AMP,"Ameriprise Financial, Inc. ",1.94,12.2,17.6,231.3,80.01,217.74,653624,1.69,25.077,214.7,4.16
ABC,AmerisourceBergen Corporation ,1.68,-15.76,,126.07,72.06,112.88,1182977,0.49,21.398,104.53,1.76
AME,"AMETEK, Inc. ",0.59,3.77,32.27,134.46,54.82,125.81,950991,1.33,27.987,121.65,0.72
AMGN,Amgen Inc. ,2.95,12.31,19.09,254.2,177.05,276.69,2523375,0.73,135.751,235.04,7.04
APH,Amphenol Corporation ,,3.91,33.91,141.86,63.05,137.18,1267588,1.28,39.721,132.59,
ADI,"Analog Devices, Inc. ",1.56,3.28,48.41,164.02,79.08,162.98,2546280,1.32,58.661,158.8,2.48
ANSS,"ANSYS, Inc. ",,4.4,90.05,350.73,200.07,396.62,397609,1.23,34.021,396.13,
ANTM,"Anthem, Inc. ",1.54,17.98,16.29,366.95,171.03,340.98,1262037,1.01,72.83,292.84,4.52
AON,Aon Plc ,0.81,8.45,27.12,240.85,143.93,238.19,1573998,0.84,53.12,229.31,1.84
AOS,A. O. Smith Corporation ,1.7,2.12,28.82,61.22,33.81,61.96,1136719,1.04,9.864,61.09,1.04
APA,Apache Corporation ,,-20.78,,19.61,3.8,29.21,9742495,4.99,6.41,16.98,
AAPL,Apple Inc. ,0.61,3.69,36.65,151.75,53.15,145.09,103176690,1.27,2269,135.13,0.82
AMAT,"Applied Materials, Inc. ",0.83,3.92,28.83,110.48,36.64,114.3,7079085,1.47,103.696,113,0.88
APTV,Aptiv PLC ,,6.66,23.1,153.9,29.22,154.57,1773609,2.19,41.57,153.95,
ADM,Archer-Daniels-Midland Company ,2.69,3.15,17.45,57.25,28.92,54.95,2427487,0.86,30.541,54.92,1.48
ANET,"Arista Networks, Inc. ",,8.94,35.58,302.95,156.63,324.67,561361,1.11,24.064,318.05,
AJG,Arthur J. Gallagher & Co. ,1.65,4.2,27.7,135.08,65.09,129.12,823456,0.69,22.538,116.33,1.92
AIZ,"Assurant, Inc. ",2.02,6.99,18.66,163.5,76.27,143.67,424161,0.61,7.667,130.48,2.64
T,AT&T Inc. ,7.29,-0.75,,29.85,26.08,38.68,42123956,0.73,204.445,28.69,2.08
ATO,Atmos Energy Corporation ,2.72,5.15,17.69,103.89,77.92,121.08,1049711,0.37,11.668,91.04,2.5
ADSK,"Autodesk, Inc. ",,1.93,155.71,312.68,125.38,321.13,1403108,1.38,66.013,300.21,
ADP,"Automatic Data Processing, Inc. ",2.23,5.77,28.91,180.89,103.11,182.32,1682698,0.73,71.38,166.8,3.72
AZO,"AutoZone, Inc. ",,76.33,15.07,1397.18,684.91,1297.82,265496,0.89,26.183,1150.42,
AVB,"AvalonBay Communities, Inc. ",3.55,5.89,30.38,171.41,118.17,229.4,955429,0.98,24.98,178.93,6.36
AVY,Avery Dennison Corporation ,1.43,6.61,26.23,181.7,76.96,176.38,456375,0.98,14.461,173.36,2.48
BKR,Baker Hughes Company ,3.23,,,27.25,9.12,24.04,6561895,1.78,23.324,22.53,0.72
BLL,Ball Corporation ,0.68,1.76,50.3,104.07,51.26,102.76,1695029,0.43,28.959,88.53,0.6
BAC,Bank of America Corporation ,2.19,1.87,17.58,36.07,17.95,35.08,50733870,1.54,284.439,32.88,0.72
BK,The Bank of New York Mellon Corporation ,2.94,3.83,11,48.88,26.4,46.84,5431430,1.03,37.359,42.13,1.24
BAX,Baxter International Inc. ,1.26,2.13,36.55,92.06,69.1,95.19,2918958,0.66,39.772,77.86,0.98
BDX,"Becton, Dickinson and Company ",1.31,5.26,48.21,281.23,197.75,284.97,1426585,0.78,73.625,253.39,3.32
BBY,"Best Buy Co., Inc. ",1.85,6.56,18.22,121.94,48.11,124.89,3147967,1.52,30.967,119.59,2.2
BIO,"Bio-Rad Laboratories, Inc. ",,116.69,5.52,677.5,309.38,648.39,246337,0.8,19.221,643.81,
BIIB,Biogen Inc. ,,24.8,11.24,292.38,223.25,363.92,1769814,0.43,42.473,278.81,
BLK,"BlackRock, Inc. ",2.28,31.85,22.65,840.64,323.98,788,662472,1.17,110.042,721.43,16.52
BA,The Boeing Company ,,-20.88,,229.59,89,349.95,19355885,1.63,122.814,210.66,
BKNG,Booking Holdings Inc. ,,33.69,64.1,2126.08,1107.29,2290.04,402341,1.23,88.432,2159.26,
BWA,BorgWarner Inc. ,1.59,1.76,24.34,46.39,17,46.48,2583437,1.63,10.475,42.84,0.68
BXP,"Boston Properties, Inc. ",4.13,5.54,17.14,102.35,69.69,147.83,1396308,,14.782,94.93,3.92
BSX,Boston Scientific Corporation ,,,14.92,43.12,24.1,43.44,13217841,,55.048,38.87,
BMY,Bristol-Myers Squibb Company ,3.27,-3.99,,74.88,45.76,67.5,11185206,0.62,135.562,59.99,1.96
AVGO,Broadcom Inc. ,3.03,6.33,75.6,476.54,155.67,479.35,1686022,1.04,194.567,478.39,14.4
BR,"Broadridge Financial Solutions, Inc. ",1.58,4.43,32.85,161.38,81.9,158.36,558119,0.87,16.831,145.35,2.3
CHRW,"C.H. Robinson Worldwide, Inc. ",,3.72,24.27,97.71,56.94,106.75,1262440,0.72,12.273,90.28,
COG,Cabot Oil & Gas Corporation ,2.3,0.53,32.73,21.4,13.06,22.67,5851272,0.22,6.939,17.41,0.4
CDNS,"Cadence Design Systems, Inc. ",,3.86,37.33,128.33,51.39,144.05,1504582,1.06,40.158,143.97,
CPB,Campbell Soup Company ,3.15,5.82,8.06,51.19,40.7,57.54,2325025,0.58,14.229,46.97,1.48
COF,Capital One Financial Corporation ,1.37,5.18,22.6,127.94,38,118.43,3203153,1.71,53.776,117.16,1.6
CAH,"Cardinal Health, Inc. ",,4.7,11.14,63.06,39.05,60.69,2055274,1.04,15.391,52.41,
KMX,"CarMax, Inc. ",,4.55,27.87,118.15,37.59,128.58,1571325,1.66,20.617,126.84,
CCL,Carnival Corporation & plc ,,-13.21,,18.19,7.8,44.44,50431887,2.32,23.13,20.72,
CARR,Carrier Global Corporation ,1.21,,,43.47,11.5,41.94,5565462,,32.335,37.2,0.48
CTLT,"Catalent, Inc. ",,1.8,68.14,133.9,31.04,124.87,1236579,1.49,20.938,123,
CAT,Caterpillar Inc. ,2.08,5.46,36.33,199.55,87.5,200.17,3126841,0.95,107.755,198.35,4.12
CBOE,"Cboe Global Markets, Inc. ",1.91,4.55,19.32,100.67,72.01,126.17,764537,0.65,9.508,88,1.68
CBRE,"CBRE Group, Inc. ",,3.19,22.07,64.86,29.17,70.67,1861625,1.5,23.599,70.35,
CDW,CDW Corporation ,1.02,5.45,28.79,171.25,73.39,157.1,903490,,22.436,156.91,1.6
CE,Celanese Corporation ,2.08,16.75,7.79,140.9,52.7,140.09,908420,1.22,15.251,130.47,2.72
CNC,Centene Corporation ,,3.12,19.22,80.74,43.96,74.7,3909220,0.51,34.871,59.97,
CNP,"CenterPoint Energy, Inc. ",3.01,-1.88,,24.47,11.58,27.53,5081096,0.98,11.577,21.25,0.64
CERN,Cerner Corporation ,1.11,2.52,30.12,81.95,53.08,84.2,1517761,,23.27,75.9,0.88
CF,"CF Industries Holdings, Inc. ",2.78,1.32,32.65,44.16,19.73,47,2680412,1.18,9.233,43.16,1.2
SCHW,The Charles Schwab Corporation ,1.29,2.12,26.38,64.82,28,62.04,9362459,1.07,105.097,55.93,0.72
CHTR,"Charter Communications, Inc. ",,15.4,40.17,711.25,345.67,681.71,1168764,1.01,119.857,618.68,
CVX,Chevron Corporation ,5.58,-2.96,,103.44,51.6,112.6,10803338,1.33,177.139,92.02,5.16
CMG,"Chipotle Mexican Grill, Inc. ",,12.52,123.25,1643.65,415,1564.91,280945,1.31,43.429,1543.11,
CB,Chubb Limited ,1.9,7.79,21.29,170.61,87.35,166.52,1723819,0.69,74.86,165.85,3.12
CHD,"Church & Dwight Co., Inc. ",1.21,3.12,26.51,93.4,47.98,98.96,1514558,0.37,20.295,82.72,1.01
CI,Cigna Corporation ,1.89,22.96,9.08,255.58,118.5,230.9,1986516,0.85,73.08,208.46,4
CINF,Cincinnati Financial Corporation ,2.76,7.49,12.2,87.83,46.07,115.53,965791,0.62,14.701,91.37,2.52
CTAS,Cintas Corporation ,0.88,8.91,38.26,370.22,154.33,369.2,462333,1.5,35.822,341.06,3
CSCO,"Cisco Systems, Inc. ",2.97,2.39,19.91,51.29,32.4,50.28,21409933,,201.05,47.58,1.44
C,Citigroup Inc. ,3.21,4.87,12.97,78.85,32,80.77,22827387,1.91,131.589,63.2,2.04
CFG,"Citizens Financial Group, Inc. ",3.9,2.22,18,44.47,14.12,41.67,3921532,1.77,17.076,39.97,1.56
CTXS,"Citrix Systems, Inc. ",1.08,4,34.45,159.67,100.31,173.56,1703630,0.18,16.943,137.79,1.48
CLX,The Clorox Company ,2.41,9.56,19.27,213.71,155.83,239.87,1624151,0.2,23.163,184.14,4.44
CME,CME Group Inc. ,,5.88,31.07,191.53,131.8,225.36,1699583,,65.591,182.71,
CMS,CMS Energy Corporation ,3.08,2.64,21.43,65.18,46.03,69.17,1822332,0.16,16.348,56.58,1.74
KO,The Coca-Cola Company ,3.26,1.79,28.1,57.29,36.27,60.13,17909327,0.62,216.391,50.3,1.64
CTSH,Cognizant Technology Solutions Corporation ,,2.57,29.95,84.62,40.01,82.73,2597629,1.18,40.794,76.97,
CL,Colgate-Palmolive Company ,2.24,3.14,24.97,85.6,58.49,86.41,4103846,0.62,67.211,78.41,1.76
CMCSA,Comcast Corporation ,1.9,2.28,23.35,59.54,31.71,53.31,18338740,1.04,243.829,53.23,1
CMA,Comerica Incorporated ,4.42,3.27,18.8,65.16,24.28,66.08,1828687,1.63,8.565,61.49,2.72
CAG,"Conagra Brands, Inc. ",3.19,2.27,15.16,38.06,22.83,39.34,3513485,0.83,16.822,34.43,1.1
COP,ConocoPhillips ,3.67,-2.51,,55.73,20.84,61.15,12508609,1.81,62.909,46.44,1.72
ED,"Consolidated Edison, Inc. ",4.32,4.05,17.72,73.5,62.03,94.65,2746114,0.16,24.054,71.82,3.1
STZ,"Constellation Brands, Inc. ",1.25,10.36,22.81,252.89,104.28,241.42,1144700,1.19,45.784,236.39,3
COO,"The Cooper Companies, Inc. ",0.02,4.81,80.04,380.33,236.68,391.96,262380,0.83,18.92,385,0.06
CPRT,"Copart, Inc. ",,2.85,40.68,127.44,55.69,130.96,1286801,1.02,27.384,115.97,
GLW,Corning Incorporated ,2.6,0.54,68.07,40.96,17.44,38.84,3972738,1.19,28.121,36.76,0.96
CTVA,"Corteva, Inc. ",1.19,-1.28,,45.14,20.38,44.96,3589975,,32.37,43.54,0.52
COST,Costco Wholesale Corporation ,0.8,9.74,36.16,400.37,271.28,393.15,2439177,0.65,156.009,352.2,2.8
REIT ,Crown Castle International Corp. ,3.28,2.35,68.94,174.82,114.18,180,2208091,0.31,69.87,162,5.32
CSX,CSX Corporation ,1.17,3.6,24.65,100.26,46.81,97.54,4091082,1.15,67.672,88.75,1.04
CMI,Cummins Inc. ,2.22,12.01,20.25,253,101.03,254.13,1108162,1.13,35.912,243.21,5.4
CVS,CVS Health Corporation ,2.72,6.05,12.17,85.42,52.04,77.23,8300240,0.82,96.336,73.6,2
DHI,"D.R. Horton, Inc. ",0.96,7.4,11.28,95.47,25.51,84.41,3261956,1.64,30.351,83.45,0.8
DHR,Danaher Corporation ,0.3,4.89,49.21,269.44,119.6,248.32,2689451,0.63,171.109,240.66,0.72
DRI,"Darden Restaurants, Inc. ",1.15,-0.92,,131.31,26.15,133.33,1823646,1.52,16.802,128.92,1.48
DVA,DaVita Inc. ,,6.68,16.97,119.33,62.2,125.28,755090,1.32,12.693,113.33,
DE,Deere & Company ,0.97,8.69,36.19,321.76,106.14,318.27,1656812,0.98,98.873,314.46,3.04
DAL,"Delta Air Lines, Inc. ",,-19.49,,46.74,17.51,59.92,14892703,1.45,27.244,42.72,
XRAY,DENTSPLY SIRONA Inc. ,0.7,-0.36,,58.46,31.58,60.47,1281717,0.87,12.3,56.28,0.4
DVN,Devon Energy Corporation ,2.23,-8.57,,23.27,4.7,23.79,12510214,3.45,12.991,19.3,0.44
DXCM,"DexCom, Inc. ",,2.42,169.57,462.17,182.07,456.23,1029941,0.78,39.391,410.2,
FANG,"Diamondback Energy, Inc. ",2.24,-26.84,,76,14.55,81.59,4028180,2.69,10.706,67.77,1.5
DLR,"Digital Realty Trust, Inc. ",3.09,2.17,66.61,165.5,105,165.49,1923185,0.14,40.573,144.82,4.48
DFS,Discover Financial Services ,1.9,3.6,25.8,107.33,23.25,100.96,2805648,1.78,28.48,92.77,1.76
DISCA,"Discovery, Inc. ",,1.8,25.24,34.2,17.12,49.94,8358453,1.51,20.271,45.55,
DISCK,"Discovery, Inc. ",,1.8,21.61,29.33,15.43,39.04,4035437,1.51,20.271,39,
DISH,DISH Network Corporation ,,2.45,12.91,40.42,17.09,42.62,4874006,2,16.669,31.69,
DG,Dollar General Corporation ,0.72,10.1,19.8,240.19,125,225.25,1998716,0.56,49.01,200.04,1.44
DLTR,"Dollar Tree, Inc. ",,4.05,26.94,122.49,60.2,115.45,2051370,0.84,25.657,109.09,
D,"Dominion Energy, Inc. ",3.45,-0.22,,82.14,57.79,90.89,4440641,0.35,59.604,73.06,2.52
DPZ,"Domino's Pizza, Inc. ",0.82,11.69,32.97,430.19,274.99,435.58,539196,0.43,15.177,385.2,3.12
DOV,Dover Corporation ,1.62,4.7,25.98,139.91,62.95,130.41,789293,1.31,17.595,122.1,1.98
DOW,Dow Inc. ,4.86,1.64,35.16,56.95,21.95,61.31,4183293,,42.902,57.67,2.8
DTE,DTE Energy Company ,3.56,7.07,17.26,136.5,71.21,135.67,1063640,0.62,23.612,121.99,4.34
DUK,Duke Energy Corporation ,4.27,2.73,33.13,100.13,62.13,103.79,2947740,0.25,66.545,90.42,3.86
DRE,Duke Realty Corporation ,2.34,0.81,52.12,45.23,25.19,43.45,2057145,0.52,15.607,41.96,0.98
DD,"DuPont de Nemours, Inc. ",1.71,-4.02,,83.95,28.33,87.27,11183043,1.31,38.066,70.96,1.2
DXC,DXC Technology Company ,,-11.21,,30.62,7.9,32.31,3168232,2.51,6.525,25.63,
EMN,Eastman Chemical Company ,2.59,3.5,30.42,112.21,34.44,110.27,938135,1.55,14.425,106.48,2.76
ETN,Eaton Corporation plc ,2.44,3.49,35.4,131.5,56.42,130,1991114,1.15,49.239,123.53,2.92
EBAY,eBay Inc. ,,7.89,7.9,69.37,26.02,64.85,8567190,1.16,42.399,62.31,
ECL,Ecolab Inc. ,0.89,-3.74,,214.93,124.6,231.36,958866,1.01,61.77,216.4,1.92
EIX,Edison International ,4.54,0.96,60.64,70.8,43.63,78.53,1694267,0.61,22.083,58.34,2.65
EW,Edwards Lifesciences Corporation ,,1.3,67.75,94.25,51.51,92.08,2553041,1.02,54.889,88.07,
EA,Electronic Arts Inc. ,0.47,4.05,36.42,156.9,85.69,150.3,3231270,0.91,42.376,147.33,0.68
EMR,Emerson Electric Co. ,2.37,3.45,24.65,92.89,37.75,87.07,2813738,1.58,51.099,85.16,2.02
ENPH,"Enphase Energy, Inc. ",,0.95,209.56,214.81,21.49,222.43,3666050,1.24,25.15,199.08,
ETR,Entergy Corporation ,4.02,6.89,13.73,113.19,75.19,135.55,1377348,0.53,18.95,94.64,3.8
EOG,"EOG Resources, Inc. ",2.49,-0.53,,69.09,27,77.67,5584974,2.13,34.793,59.64,1.5
EFX,Equifax Inc. ,,4.24,41.73,207.5,103.01,196.47,747891,1.34,21.553,176.95,
REIT ,"Equinix, Inc. ",1.48,4.18,171.7,847.58,477.87,839.77,510758,0.31,63.948,717.7,10.64
EQR,Equity Residential ,3.56,2.55,26.62,61.94,45.43,87.19,2913996,0.76,25.227,67.76,2.41
ESS,"Essex Property Trust, Inc. ",3.06,8.69,31.25,262.39,175.81,329.74,495654,0.76,17.71,271.6,8.31
EL,The EstÃ©e Lauder Companies Inc. ,,2.53,114.67,293.48,137.01,290.24,1299987,0.9,105.113,289.76,
ETSY,"Etsy, Inc. ",,1.86,121.4,195.81,29.95,239.47,3592611,1.62,28.503,226.05,
EVRG,"Evergy, Inc. ",3.87,2.76,19.81,60.29,42.01,76.57,2255743,0.38,12.412,54.72,2.14
ES,Eversource Energy ,2.79,3.52,24.48,92.47,60.69,99.42,1478787,0.33,29.562,86.23,2.41
RE,"Everest Re Group, Ltd. ",2.66,12.78,19.17,267.78,157.32,293.9,255867,0.62,9.794,244.95,6.2
EXC,Exelon Corporation ,3.58,2.43,17.59,48.5,29.28,50.54,5006800,0.46,41.696,42.74,1.53
EXPE,"Expedia Group, Inc. ",,-15.49,,134.44,40.76,153.26,3290358,1.72,21.206,149.91,
EXPD,"Expeditors International of Washington, Inc. ",1.09,3.71,25.86,89,52.55,98.37,1135058,0.77,16.224,95.85,1.04
EXR,Extra Space Storage Inc. ,3.06,3.37,34.96,125.54,72.7,121.07,938854,0.2,15.465,117.73,3.6
XOM,Exxon Mobil Corporation ,6.81,-5.25,,51.74,30.11,61.53,30949972,1.38,210.973,49.84,3.48
FFIV,"F5 Networks, Inc. ",,4.81,42.91,219,79.78,211.01,764812,1.12,12.717,206.27,
FB,"Facebook, Inc. ",,10.09,26.8,336.49,137.1,304.67,19135809,1.26,769.982,270.39,
FAST,Fastenal Company ,2.38,1.49,31.59,51,26.72,51.89,3154791,1.25,27.033,47.07,1.12
FRT,Federal Realty Investment Trust ,4.33,2.32,42.22,92.67,64.11,129.19,922291,1.13,7.413,97.99,4.24
FDX,FedEx Corporation ,1.01,9.26,27.47,325.43,88.69,305.66,3034064,1.31,67.423,254.36,2.6
FIS,"Fidelity National Information Services, Inc. ",1.15,0.25,540.6,160.09,91.68,158.21,3927441,0.85,83.862,135.15,1.56
FITB,Fifth Third Bancorp ,3.35,1.83,17.62,34.86,11.1,32.82,5405908,1.56,22.987,32.25,1.08
FE,FirstEnergy Corp. ,5.01,1.34,23.21,35.8,22.85,52.52,5998861,0.22,16.885,31.12,1.56
FRC,First Republic Bank ,0.51,5.81,26.68,163.62,70.06,166.82,978856,1.1,26.692,155,0.8
FISV,"Fiserv, Inc. ",,1.4,77.49,136.04,73.5,123.78,4366496,0.91,72.532,108.48,
FLT,"FLEETCOR Technologies, Inc. ",,8.12,32.7,296.22,168.51,325.52,714175,1.49,22.218,265.56,
FLIR,"FLIR Systems, Inc. ",1.24,1.04,52.43,53.25,23.85,59.44,2505180,1.56,7.165,54.63,0.68
FLS,Flowserve Corporation ,2.05,1.12,34.71,36.5,18.98,48.99,920032,1.79,5.074,38.95,0.8
FMC,FMC Corporation ,1.74,4.22,26.11,132.36,56.77,123.66,659138,0.99,14.307,110.26,1.92
F,Ford Motor Company ,,-0.32,,11.15,3.96,12.15,76982454,1.2,45.556,11.45,
FTNT,"Fortinet, Inc. ",,2.91,56.02,168.29,70.2,163.17,1049527,1.07,26.462,163.01,
FTV,Fortive Corporation ,0.4,4.49,15.69,76.53,31.22,74.25,1910114,1.23,23.832,70.53,0.28
FBHS,"Fortune Brands Home & Security, Inc. ",1.15,3.94,22.95,101.62,33.9,93.4,1004970,1.64,12.562,90.42,1.04
FOXA,Fox Corporation ,1.45,2.53,12.66,32.7,19.81,40.73,6057190,,18.577,32,0.46
FOX,Fox Corporation ,1.51,2.53,12.17,51.5,19.13,37.74,1780859,,18.577,30.75,0.46
BEN,"Franklin Resources, Inc. ",4.08,1.56,17.47,25.38,14.91,28.59,3827456,1.29,13.757,27.22,1.12
FCX,Freeport-McMoRan Inc. ,,0.41,75.59,31.46,4.82,32.49,20668896,2.23,45.245,30.99,
GPS,"The Gap, Inc. ",,-2.9,,24.27,5.26,26.99,8762080,1.59,8.704,23.27,
GRMN,Garmin Ltd. ,1.93,5.33,24.3,124.71,61.04,130.3,753008,1.01,24.752,129.43,2.44
IT,"Gartner, Inc. ",,2.37,76.53,199.25,76.91,191.66,402837,1.6,16.208,181.53,
GD,General Dynamics Corporation ,,,14.86,167.67,100.55,190.08,1501456,,46.906,163.45,
GE,General Electric Company ,0.35,0.58,19.9,12.24,5.48,13.26,92750445,1.08,100.388,11.46,0.04
GIS,"General Mills, Inc. ",3.51,3.9,14.58,63.39,46.59,66.14,4123045,0.57,34.797,56.91,2.04
GM,General Motors Company ,,4.33,12.36,61.41,14.33,57.05,21140630,1.36,76.575,53.5,
GPC,Genuine Parts Company ,3.14,-1.33,,101.88,49.68,108.55,813282,1.11,14.505,100.53,3.16
GILD,"Gilead Sciences, Inc. ",,0.1,682.86,74.22,56.56,85.97,9218912,0.43,83.886,66.92,
GL,Globe Life Inc. ,0.81,6.83,13.57,100.14,56.74,111.43,428019,1.13,9.703,92.71,0.75
GPN,Global Payments Inc. ,0.39,1.95,102.38,222.59,105.54,215.7,1757730,1.18,59.559,199.64,0.78
GS,"The Goldman Sachs Group, Inc. ",1.65,24.74,12.22,334.27,130.85,309.41,3180040,1.47,104.019,302.32,5
GWW,"W.W. Grainger, Inc. ",1.64,12.83,29.16,400.73,200.61,427.9,329330,1.2,19.652,374.15,6.12
HAL,Halliburton Company ,0.91,-3.34,,21.97,4.25,22.58,11892595,2.9,17.266,19.43,0.18
HBI,Hanesbrands Inc. ,3.25,-0.21,,19.77,6.96,20,5940183,1.45,6.434,18.47,0.6
HIG,"The Hartford Financial Services Group, Inc. ",,4.76,10.58,58,19.04,59.91,2231098,1.04,18.054,50.36,
HAS,"Hasbro, Inc. ",3,1.62,55.96,106,41.33,101.24,864675,0.98,12.422,90.65,2.72
HCA,"HCA Healthcare, Inc. ",1.09,10.93,16.07,191.9,58.38,181.01,1515700,1.65,59.402,175.55,1.92
PEAK,"Healthpeak Properties, Inc. ",3.92,,,31.24,18.63,37.64,3647982,0.66,16.798,31.2,1.2
HSIC,"Henry Schein, Inc. ",,4.09,17.03,75.2,41.85,74.89,853596,0.84,9.94,69.62,
HSY,The Hershey Company ,,6.11,24.62,160.94,109.88,161.83,873783,0.32,31.309,150.42,
HES,Hess Corporation ,1.73,-10.15,,68.57,26.06,64.98,2180632,2.24,17.786,57.92,1
HPE,Hewlett Packard Enterprise Company ,3.38,-0.25,,12.98,7.43,15.18,10527945,1.37,18.355,14.19,0.48
HLT,Hilton Worldwide Holdings Inc. ,,-1.14,,107.63,44.3,116.73,2752730,1.29,30.38,109.5,
HFC,HollyFrontier Corporation ,4.47,-2.62,,30.23,16.81,45.49,3122950,1.78,5.073,31.31,1.4
HOLX,"Hologic, Inc. ",,5.26,15.2,88.54,26.49,85,1982262,1.22,20.618,80.02,
HD,"The Home Depot, Inc. ",2.15,11.56,23.97,306.36,140.63,292.95,4130072,1.02,298.283,277.06,6
HON,Honeywell International Inc. ,1.84,6.72,30.09,217.86,101.08,216.7,3138774,1.2,141.867,202.18,3.72
HRL,Hormel Foods Corporation ,2.03,1.66,29.02,46,39.01,52.97,2479727,-0.05,26.013,48.18,0.98
HST,"Host Hotels & Resorts, Inc. ",,-0.83,,15.5,7.86,17.4,9442027,1.41,10.298,14.6,
HWM,Howmet Aerospace Inc. ,,,,33.5,9.87,34.27,4065087,1.74,12.446,28.75,
HPQ,HP Inc. ,2.83,2,13.69,24.38,12.54,27.55,9032738,1.03,35.31,27.38,0.78
HUM,Humana Inc. ,0.66,25.31,15.06,477.64,208.25,474.7,963095,0.85,49.121,381.19,2.5
HBAN,Huntington Bancshares Incorporated ,4.19,0.69,20.74,15.66,6.82,15.12,12517933,1.4,14.556,14.31,0.6
HII,"Huntington Ingalls Industries, Inc. ",2.67,14.58,11.7,181.58,136.44,270.08,385956,0.95,6.905,170.53,4.56
IEX,IDEX Corporation ,1,4.94,40.08,210.77,104.56,211.71,390538,1.09,14.99,198,2
IDXX,"IDEXX Laboratories, Inc. ",,6.71,78.76,539,168.65,529.41,413851,0.89,45.078,528.47,
INFO,IHS Markit Ltd. ,0.86,2.17,42.94,105,44.81,101.45,3332440,1.01,36.954,93.18,0.8
ITW,Illinois Tool Works Inc. ,2.27,6.63,30.31,216.88,115.94,224.69,1068922,1.11,63.602,200.94,4.56
ILMN,"Illumina, Inc. ",,4.31,104.59,334.44,196.78,456.66,1136730,1.02,65.878,451.22,
INCY,Incyte Corporation ,,-1.36,,105.38,62.48,110.37,1173909,0.79,18.685,84.99,
IR,Ingersoll Rand Inc. ,,-0.49,,49.21,17.01,47.78,2004762,1.55,18.389,44.03,
INTC,Intel Corporation ,2.36,4.94,12.28,62.05,43.61,68.09,40976891,0.67,246.462,60.66,1.39
ICE,"Intercontinental Exchange, Inc. ",,3.77,29.52,131.44,63.51,119.02,2496756,0.71,62.518,111.3,
IBM,International Business Machines Corporation ,5.33,6.23,19.41,137,90.56,155.6,6289708,1.25,107.738,120.91,6.52
IP,International Paper Company ,4.26,1.22,39.48,52.86,26.38,53.39,2791532,1.08,18.935,48.17,2.05
IPG,"The Interpublic Group of Companies, Inc. ",4.41,1.45,16.91,26.95,11.63,26.65,3730409,1.01,9.548,24.48,1.08
IFF,International Flavors & Fragrances Inc. ,2.27,3.21,42.61,140.87,92.14,143.09,4311106,,34.012,136.77,3.08
INTU,Intuit Inc. ,0.58,7.45,54.9,418.22,187.68,409.3,1335837,1.01,112.035,408.82,2.36
ISRG,"Intuitive Surgical, Inc. ",,8.82,90.57,780.93,360.5,826.81,578482,1.01,94.037,798.83,
IVZ,Invesco Ltd. ,2.73,1.13,19.99,22.75,6.38,22.89,5537248,1.31,10.376,22.59,0.62
IPGP,IPG Photonics Corporation ,,1.97,126.9,242.48,98.04,262.55,260283,1.47,13.311,249.73,
IQV,IQVIA Holdings Inc. ,,1.43,134.86,218.18,81.79,196.96,984612,1.39,36.873,192.85,
IRM,Iron Mountain Incorporated ,7.44,0.46,72.26,30.13,21,41.32,4306822,0.84,9.579,33.24,2.47
JKHY,"Jack Henry & Associates, Inc. ",1.16,3.89,38.22,171.3,123.64,200.98,546567,0.57,11.308,148.64,1.72
J,Jacobs Engineering Group Inc. ,0.73,,,127.57,59.29,116.73,709003,0.9,14.96,115,0.84
JBHT,"J.B. Hunt Transport Services, Inc. ",0.76,4.74,31.08,153.95,75.29,156.74,694261,1.03,15.565,147.32,1.12
SJM,The J. M. Smucker Company ,3.16,7.73,14.75,117.21,91.88,131.69,1049562,0.29,12.718,113.97,3.6
JNJ,Johnson & Johnson ,2.42,5.51,30.14,185.44,109.16,173.65,8248020,0.72,437.16,166.06,4.04
JCI,Johnson Controls International plc ,2.02,1.24,42.58,55.13,22.78,52.93,5118616,1.1,37.995,52.89,1.04
JPM,JPMorgan Chase & Co. ,2.58,8.88,15.68,147.08,76.91,142.75,15078383,1.19,424.69,139.27,3.6
JNPR,"Juniper Networks, Inc. ",3.11,0.77,33.45,25.16,15.2,27.83,4233733,0.83,8.494,25.76,0.8
KSU,Kansas City Southern ,,6.54,32.01,238.39,92.86,223.59,848135,1.01,19.02,209.36,
K,Kellogg Company ,3.92,3.45,16.51,66.28,52.66,72.88,2565675,0.64,19.592,57,2.28
KEY,KeyCorp ,3.93,1.27,14.78,19.63,7.45,20.12,8811440,1.53,18.374,18.83,0.74
KEYS,"Keysight Technologies, Inc. ",,3.31,45.42,145.62,77.93,153.21,1445272,0.96,27.978,150.35,
KMB,Kimberly-Clark Corporation ,3.45,6.87,19.23,148.28,110.66,160.16,2245946,0.54,44.739,132.09,4.56
KIM,Kimco Realty Corporation ,3.57,2.02,8.89,16.98,7.45,19.32,5138066,1.5,7.763,17.95,0.64
KMI,"Kinder Morgan, Inc. ",7.15,0.05,312.55,16.83,9.42,22.58,19278975,1.07,33.265,14.69,1.05
KLAC,KLA Corporation ,1.11,8.74,37.11,320.12,110.19,326.47,987712,1.26,49.994,324.48,3.6
KHC,The Kraft Heinz Company ,4.72,-0.4,,37.06,19.99,36.37,6113975,1.09,43.452,35.54,1.6
KR,The Kroger Co. ,2.16,3.74,8.94,34.96,27.06,42.99,12756077,0.31,25.429,33.4,0.72
LB,"L Brands, Inc. ",,-0.76,,50.64,8,51.04,4623785,1.7,13.419,48.25,
LHX,"L3Harris Technologies, Inc. ",2.18,7.35,25.51,225.11,142.01,230.98,1363911,0.75,39.396,187.5,4.08
LH,Laboratory Corporation of America Holdings ,,8.62,27.51,261.53,98.02,239.49,683064,1.04,23.104,237.21,
LRCX,Lam Research Corporation ,0.91,20.14,28.42,585.43,181.38,585.42,1458880,1.31,81.773,572.21,5.2
LW,"Lamb Weston Holdings, Inc. ",1.22,2.02,38.25,81.83,39.06,96.32,945664,0.79,11.307,77.26,0.94
LVS,Las Vegas Sands Corp. ,,-2.21,,61.77,33.3,71.38,5741077,1.47,42.011,55,
LEG,"Leggett & Platt, Incorporated ",3.73,1.82,23.56,46.75,22.03,46.14,1043474,1.5,5.682,42.88,1.6
LDOS,"Leidos Holdings, Inc. ",1.24,4.26,25.77,117.5,68,125.84,796366,1,15.624,109.78,1.36
LEN,Lennar Corporation ,1.06,7.85,12.05,95.47,25.42,95.72,2815195,1.51,28.881,94.56,1
LLY,Eli Lilly and Company ,1.68,6.79,29.84,213.79,117.06,218,4732035,0.28,193.784,202.58,3.4
LNC,Lincoln National Corporation ,3.24,2.56,20.23,55.08,16.11,61.96,1924977,2.2,10.011,51.8,1.68
LIN,Linde plc ,1.68,4.71,53.76,288.99,146.71,274.58,1731662,0.81,132.847,253.11,4.24
LYV,"Live Nation Entertainment, Inc. ",,-6.97,,68.82,21.7,83.08,2731696,1.38,17.295,81.04,
LKQ,LKQ Corporation ,,1.96,19.08,42.22,13.31,40.04,1811322,1.68,11.367,37.35,
LMT,Lockheed Martin Corporation ,3.04,24.3,13.95,411.29,266.11,439.69,1683072,0.94,94.994,339.14,10.4
L,Loews Corporation ,0.52,-3.32,,,27.33,54.95,919406,0.9,12.877,48.22,0.25
LOW,"Lowe's Companies, Inc. ",1.37,7.07,24.86,191.54,60,180.67,5124335,1.35,128.761,175.73,2.4
LUMN,"Lumen Technologies, Inc. ",8.01,,,9.66,8.16,16.6,14618001,,12.617,11.5,1
LYB,LyondellBasell Industries N.V. ,4.43,4.24,22.36,95.36,33.71,99.86,1852903,1.55,31.662,94.82,4.2
MTB,M&T Bank Corporation ,3.09,9.94,14.31,151.69,85.09,171.05,1026209,1.19,18.245,142.21,4.4
MRO,Marathon Oil Corporation ,1.37,-1.44,,9.32,3.02,11.97,30937150,3.3,6.907,8.75,0.12
MPC,Marathon Petroleum Corporation ,4.66,-15.28,,52.93,15.26,60.35,6851383,2.15,32.376,49.76,2.32
MKTX,MarketAxess Holdings Inc. ,0.48,7.85,69.52,585.83,275.5,606.45,304679,0.44,20.717,545.72,2.64
MAR,"Marriott International, Inc. ",,0.54,235.41,126.18,46.56,150.97,2690835,1.87,41.077,126.65,
MMC,"Marsh & McLennan Companies, Inc. ",1.65,3.94,28.63,121.71,74.33,120.97,1756046,0.87,57.302,112.8,1.86
MLM,"Martin Marietta Materials, Inc. ",0.72,11.54,27.6,319.07,135.08,321.61,567662,0.67,19.838,318.56,2.28
MAS,Masco Corporation ,1.71,4.6,11.95,66.43,27.04,60.16,2098293,1.35,14.145,55.01,0.94
MA,Mastercard Incorporated ,0.53,6.37,53.83,384.2,199.99,367.25,4068819,1.19,340.969,342.87,1.76
MKC,"McCormick & Company, Incorporated ",1.51,2.78,32.33,92.06,56.12,105.54,1133270,0.48,24.028,89.88,1.36
MXIM,"Maxim Integrated Products, Inc. ",,2.68,35.4,89.36,41.93,98.44,2086548,1.24,25.448,94.94,
MCD,McDonald's Corporation ,2.41,6.31,33.98,241.93,124.23,231.91,3377622,0.62,159.655,214.27,5.16
MCK,McKesson Corporation ,0.91,-25.42,,214.87,112.6,187.67,1145453,0.86,28.932,181.77,1.68
MDT,Medtronic plc ,1.97,2.74,43.33,129.29,72.13,119.87,4376929,0.73,159.799,118.72,2.32
MRK,"Merck & Co., Inc. ",3.48,2.78,26.88,96.14,65.25,87.8,9137629,0.44,189.094,74.74,2.6
MET,"MetLife, Inc. ",3.33,5.68,9.74,56,22.85,56.15,5775791,1.33,49.386,55.31,1.84
MTD,Mettler-Toledo International Inc. ,,24.91,48.26,1176.27,579.4,1271.67,129967,1.01,28.138,1202.07,
MGM,MGM Resorts International ,0.03,-2.09,,32.44,5.9,36.35,9480200,2.45,17.436,35.3,0.01
MCHP,Microchip Technology Incorporated ,,1.26,125.3,170.05,53.15,157.78,1935588,1.71,42.444,157.63,
MU,"Micron Technology, Inc. ",,2.65,32.62,94.45,31.13,87.25,18035745,1.25,96.743,86.48,
MSFT,Microsoft Corporation ,0.92,6.71,36.45,272.95,132.52,245.15,29752746,0.82,1844,244.49,2.24
MAA,"Mid-America Apartment Communities, Inc. ",2.97,2.19,63,138.08,82,148.88,669622,0.67,15.78,137.97,4.1
MHK,"Mohawk Industries, Inc. ",,49.9,3.2,142.29,56.62,161.78,580114,1.52,11.371,159.71,
TAP,Molson Coors Beverage Company ,,2.69,16.54,49.62,32.11,61.94,2398711,1.15,9.669,44.5,
MDLZ,"Mondelez International, Inc. ",,2.47,22.54,65.7,41.19,60,6372688,0.62,78.626,55.68,
MNST,Monster Beverage Corporation ,,2.22,40.53,101.06,50.06,95.11,2061446,1.09,47.481,89.94,
MCO,Moody's Corporation ,0.8,9.6,29.01,318,164.19,305.96,803512,1.16,52.332,278.66,2.24
MS,Morgan Stanley ,1.88,6.46,11.41,83.07,27.2,77.76,11637751,1.51,133.374,73.72,1.4
MOS,The Mosaic Company ,0.72,-2.86,,29.45,6.5,29.34,5399058,1.78,10.558,27.85,0.2
MSI,"Motorola Solutions, Inc. ",1.56,5.45,33.36,206.44,120.77,187.49,870027,0.76,30.818,181.79,2.84
MSCI,MSCI Inc. ,0.75,7.12,59.95,472.56,218.65,455.81,488904,0.92,35.259,426.86,3.12
NDAQ,"Nasdaq, Inc. ",1.38,5.59,25.47,155.38,71.66,145.4,936782,0.84,23.354,142.37,1.96
NTAP,"NetApp, Inc. ",2.78,3.07,22.55,65.81,34.66,70.64,2158529,1.29,15.449,69.16,1.92
NFLX,"Netflix, Inc. ",,6.08,91.71,619.73,290.25,593.29,5037106,0.83,246.954,557.59,
NWL,Newell Brands Inc. ,3.53,-0.25,,23.3,10.44,26.89,3096832,0.99,11.053,26.05,0.92
NEM,Newmont Corporation ,2.68,3.18,18.35,76.05,33,72.22,6220400,0.25,46.9,58.38,1.6
NWSA,News Corporation ,,-1.46,,24.45,7.9,23.08,2828516,1.62,13.596,23.04,
NWS,News Corporation ,,-1.46,,,7.88,23.01,786695,1.62,13.596,22.97,
NEE,"NextEra Energy, Inc. ",1.67,1.48,56.72,89.35,43.7,87.69,7784154,0.19,164.464,83.95,1.4
NLSN,Nielsen Holdings plc ,1.06,-0.42,,21.71,11.62,23.99,5220146,1.44,8.273,23.13,0.24
NKE,"NIKE, Inc. ",0.77,1.77,80.91,162.69,60,147.95,5588574,0.86,226.289,143.54,1.1
NI,NiSource Inc. ,3.87,-0.78,,25.82,19.56,30.46,3057380,0.3,8.718,22.75,0.88
NSC,Norfolk Southern Corporation ,1.59,7.84,31.76,259.39,112.62,258.17,1221620,1.32,62.703,248.91,3.96
NTRS,Northern Trust Corporation ,2.89,5.46,17.76,105.2,60.67,104.45,947558,1.09,20.202,96.99,2.8
NOC,Northrop Grumman Corporation ,1.94,19.03,15.75,367.83,263.31,374.39,1060387,0.78,49.954,299.63,5.8
NLOK,NortonLifeLock Inc. ,,,,25.78,15.12,24.4,6468482,1.03,12.386,21.28,
NCLH,Norwegian Cruise Line Holdings Ltd. ,,-13.45,,23.33,7.03,54.28,23011914,2.87,7.503,23.77,
NOV,NOV Inc. ,,-6.62,,15.38,7.7,24.21,5912796,2.29,5.296,13.64,
NRG,"NRG Energy, Inc. ",3.03,16.38,2.62,49,19.54,43.54,2427554,0.94,10.472,42.88,1.3
NUE,Nucor Corporation ,2.95,2.36,23.24,57.11,27.53,58.52,1994203,1.38,16.561,54.85,1.62
NVDA,NVIDIA Corporation ,0.1,6.12,99.73,596.59,180.68,610.89,7664735,1.42,377.609,610.03,0.64
NVR,"NVR, Inc. ",,230.11,20.46,5649.33,2043.01,4806.54,25890,1.01,17.4,4708.33,
ORLY,"O'Reilly Automotive, Inc. ",,23.53,18.41,533.18,251.52,496.61,585950,1.04,30.504,433.16,
OXY,Occidental Petroleum Corporation ,0.16,-17.28,,21.26,8.52,43.6,26207622,2.44,23.262,24.98,0.04
ODFL,"Old Dominion Freight Line, Inc. ",0.38,5.68,36.63,221.47,105.8,216.31,670966,1,24.41,208.04,0.8
OMC,Omnicom Group Inc. ,3.94,4.43,14.89,66.67,44.5,80.02,2278616,0.91,14.193,66.02,2.6
OKE,"ONEOK, Inc. ",8.45,1.46,30.33,41.8,12.16,78.48,3689846,2,19.678,44.28,3.74
ORCL,Oracle Corporation ,1.53,3.31,18.97,66.78,39.71,66.2,10659898,0.78,188.783,62.7,0.96
OTIS,Otis Worldwide Corporation ,,,,71.25,38,68.21,2235562,,27.508,63.43,0.8
PCAR,PACCAR Inc ,1.3,3.74,26.36,98.67,49.11,103.19,1674193,1.07,34.175,98.6,1.28
PKG,Packaging Corporation of America ,3.05,4.84,27.1,136,71.05,148.14,605945,1,12.439,131.17,4
PH,Parker-Hannifin Corporation ,1.29,11.02,24.78,322.31,93,293.8,908141,1.79,35.242,273.02,3.52
PAYX,"Paychex, Inc. ",2.75,2.93,30.82,96.14,47.87,99.95,1694850,0.89,32.561,90.29,2.48
PAYC,"Paycom Software, Inc. ",,2.46,165.58,464.69,163.42,471.08,391772,1.44,23.474,407.32,
PYPL,"PayPal Holdings, Inc. ",,3.54,80.52,294.58,82.07,302.1,8852606,1.14,333.821,285.03,
PNR,Pentair plc ,1.46,2.14,25.34,60.31,22.01,59.3,1123100,1.16,9.018,54.21,0.8
PBCT,"People's United Financial, Inc. ",4.78,1.32,11.4,15.2,9.37,16.36,5232224,1.22,6.391,15.05,0.72
PEP,"PepsiCo, Inc. ",,5.05,26.73,153.75,101.42,148.77,4075293,,186.206,134.97,
PKI,"PerkinElmer, Inc. ",0.19,6.49,22.9,164.86,62.91,162.7,935811,1.15,16.651,148.7,0.28
PRGO,Perrigo Company plc ,2.07,-0.05,,56.22,40.01,63.86,1096303,1.21,6.249,45.78,0.9
PFE,Pfizer Inc. ,4.53,1.71,20.17,41.09,26.45,43.08,49047316,0.63,191.376,34.43,1.56
PM,Philip Morris International Inc. ,5.62,5.16,16.54,97.1,56.01,89.73,5295627,0.84,132.944,85.36,4.8
PSX,Phillips 66 ,4.69,-9.06,,80.47,40.04,92.3,3640490,1.71,33.738,77.24,3.6
PNW,Pinnacle West Capital Corporation ,4.33,5.61,13.66,87.46,60.05,105.51,880483,0.29,8.632,76.66,3.32
PXD,Pioneer Natural Resources Company ,,1.04,124.76,158.32,48.62,147.24,2402087,1.97,28.079,129.87,
PNC,"The PNC Financial Services Group, Inc. ",2.89,16.97,9.39,164.13,79.41,162.74,2296938,1.35,67.547,159.31,4.6
POOL,Pool Corporation ,0.7,7.96,41.45,384.29,160.35,401.29,394240,0.76,13.248,329.89,2.32
PPG,"PPG Industries, Inc. ",1.56,4.45,31,155.43,69.77,153.81,1284982,1.14,32.61,138.06,2.16
PPL,PPL Corporation ,5.94,2.01,13.87,30.58,18.12,36.44,4782746,0.79,21.481,27.94,1.66
PFG,"Principal Financial Group, Inc. ",4.13,4.41,12.26,55.1,23.31,57,1567887,1.61,14.772,54.05,2.24
PG,The Procter & Gamble Company ,2.46,5.29,24.25,151.05,94.34,146.92,7092106,0.41,316.01,128.33,3.16
PGR,The Progressive Corporation ,5.67,9.66,8.94,100.63,62.18,102.05,2802501,0.48,50.544,86.37,4.9
PLD,"Prologis, Inc. ",2.15,2.01,53.67,118.44,59.82,112.37,2869679,0.78,79.689,107.76,2.32
PRU,"Prudential Financial, Inc. ",,-0.99,,84.27,38.62,97.24,2163091,1.67,32.239,81.33,
PEG,Public Service Enterprise Group Incorporated ,3.35,3.77,15.54,64.13,34.75,62.15,2327458,0.57,29.628,58.57,1.96
PSA,Public Storage ,3.43,6.49,35.91,239,155.37,240.75,916637,0.1,40.746,233.07,8
PHM,"PulteGroup, Inc. ",1.13,5.18,9.57,57.29,17.12,50.23,3177462,1.41,13.164,49.51,0.56
PVH,PVH Corp. ,,-15.99,,103.1,28.4,108.84,1156543,2.44,6.948,97.72,
QRVO,"Qorvo, Inc. ",,4.16,42.01,191.32,67.54,191.82,1250267,1.44,19.781,174.65,
PWR,"Quanta Services, Inc. ",0.31,2.7,28.5,77.36,23.77,79.86,1319737,1.24,10.694,77.01,0.24
QCOM,QUALCOMM Incorporated ,1.79,5.85,24.88,172.27,58,167.94,8309440,1.36,165.356,145.56,2.6
DGX,Quest Diagnostics Incorporated ,,10.47,11.94,140.4,73.02,134.71,1240983,1.03,16.633,125.06,
RL,Ralph Lauren Corporation ,,-4.03,,123.53,59.82,124.18,1409340,1.5,8.295,113.44,
RJF,"Raymond James Financial, Inc. ",1.38,6.16,18.41,120.78,54.21,113.46,766858,1.24,15.623,113.45,1.56
RTX,Raytheon Technologies Corporation ,2.62,,,84.88,43.44,98.04,7904698,1.02,109.904,72.33,1.9
O,Realty Income Corporation ,4.47,1.2,52.4,69.61,38,84.92,3063338,0.72,23.497,62.93,2.81
REG,Regency Centers Corporation ,4.64,0.28,185.02,51,31.8,64.65,1320169,1.09,8.696,51.25,2.38
REGN,"Regeneron Pharmaceuticals, Inc. ",,30.52,16.07,652.54,386.84,664.64,959454,0.16,52.553,490.54,
RF,Regions Financial Corporation ,,1.03,18.78,20.09,6.94,19.61,8853548,1.53,18.575,19.34,
RSG,"Republic Services, Inc. ",1.86,3.19,28.61,106,65.37,103.79,1284443,0.68,29.096,91.29,1.7
RMD,ResMed Inc. ,0.78,4.79,41.86,214.6,108.85,224.43,482803,0.32,29.179,200.53,1.56
RHI,Robert Half International Inc. ,1.86,2.7,27.06,68,32.38,73.93,1209880,1.62,8.327,73.06,1.36
ROK,"Rockwell Automation, Inc. ",,11.18,22.08,256.15,115.38,268.91,728512,1.38,28.674,246.86,
ROL,"Rollins, Inc. ",0.85,0.53,71.04,36,20.48,43,1646151,0.47,18.51,37.65,0.32
ROP,"Roper Technologies, Inc. ",0.56,8.98,44.54,451.22,240,455.72,536862,1.03,41.95,400.01,2.25
ROST,"Ross Stores, Inc. ",,0.86,141.72,127.63,56.3,124.16,2114479,1.02,43.446,121.88,
RCL,Royal Caribbean Group ,,-19.76,,70.08,19.25,118.03,5278093,2.87,16.14,67.99,
SPGI,S&P Global Inc. ,0.91,9.66,35.13,400.67,186.06,379.87,1692814,0.95,81.691,339.39,3.08
CRM,"salesforce.com, inc. ",,3.86,62.53,274.71,115.29,284.5,9579203,1.12,221.394,241.24,
SBAC,SBA Communications Corporation ,0.7,-0.13,,327.8,205.2,328.37,660688,0.18,29.429,265.02,1.86
SLB,Schlumberger Limited ,1.92,-7.57,,28.12,11.87,35.38,13752498,2.39,36.716,26.37,0.5
STX,Seagate Technology plc ,3.7,3.83,18.93,65.35,39.02,77.07,3618756,1.16,17.15,72.46,2.68
SEE,Sealed Air Corporation ,1.47,3.22,13.51,51.36,17.06,47.9,1051132,1.24,6.749,43.5,0.64
SRE,Sempra Energy ,3.32,13.01,9.67,145.94,88,161.76,1761008,0.65,36.29,125.8,4.18
NOW,"ServiceNow, Inc. ",,0.59,1007.58,594.2,238.93,598.37,1409298,0.99,115.981,594.47,
SHW,The Sherwin-Williams Company ,0.75,22.08,32.58,787.9,325.43,758,456293,1.05,65.329,719.29,5.36
SPG,"Simon Property Group, Inc. ",4.76,3.59,30.44,102.06,42.25,142.77,5617035,1.54,35.855,109.27,5.2
SWKS,"Skyworks Solutions, Inc. ",1.06,6.33,29.84,198.96,67.9,189.7,2327622,1.16,31.127,188.76,2
SLG,SL Green Realty Corp. ,5.63,4.87,13.28,67.51,36.21,98.8,1622941,1.66,4.428,64.64,3.64
SNA,Snap-on Incorporated ,2.59,11.44,16.6,185.63,90.72,193.54,459650,1.27,10.295,189.89,4.92
SO,The Southern Company ,4.18,2.99,20.51,63.69,41.96,70.37,3703716,0.43,64.737,61.29,2.56
LUV,Southwest Airlines Co. ,,-5.44,,56.32,22.47,58.83,8264454,1.22,30.373,51.42,
SWK,"Stanley Black & Decker, Inc. ",1.6,7.77,22.49,213.46,70,195,1139432,1.45,27.999,174.75,2.8
SBUX,Starbucks Corporation ,1.7,0.57,186.37,108.86,50.02,107.75,6337943,0.86,124.629,105.86,1.8
STT,State Street Corporation ,2.85,6.32,11.54,87.5,42.1,81.82,2331751,1.58,25.752,72.92,2.08
STE,STERIS plc ,0.88,5.03,36.26,222,105.69,203.91,439546,0.55,15.563,182.34,1.6
SYK,Stryker Corporation ,1.04,4.2,58.41,251.91,124.54,247.44,1153320,0.96,92.197,245.34,2.52
SIVB,SVB Financial Group ,,22.87,21.88,500.94,127.39,509.7,427467,2.08,25.964,500.39,
SYF,Synchrony Financial ,2.36,2.27,16.42,45.72,12.15,40.69,5353243,1.81,21.772,37.28,0.88
SNPS,"Synopsys, Inc. ",,4.27,67.14,272.36,104.9,287.11,756258,1.09,43.874,286.7,
SYY,Sysco Corporation ,2.36,-0.66,,79.13,26,79.96,2933180,1.41,38.904,76.22,1.8
TMUS,"T-Mobile US, Inc. ",,2.65,47,153.3,63.5,135.54,3841725,0.57,154.481,124.4,
TROW,"T. Rowe Price Group, Inc. ",2.65,9.98,16.35,174.77,82.51,169,1060611,,36.954,163.2,4.32
TTWO,"Take-Two Interactive Software, Inc. ",,4.27,46.17,215.7,100,214.91,1450043,0.63,22.704,197.12,
TPR,"Tapestry, Inc. ",,-1.55,,41.92,10.18,40.18,4535311,1.48,10.869,39.12,
TGT,Target Corporation ,1.43,7.54,25.26,201.09,90.17,199.96,4079041,1,95.352,190.41,2.72
TEL,TE Connectivity Ltd. ,1.52,0.34,370.96,135.56,48.62,131.97,1731704,1.38,42.225,127.61,1.92
FTI,TechnipFMC plc ,1.31,-12.64,,12.65,4.49,18.03,7224651,2.49,4.485,10.35,0.13
TDY,Teledyne Technologies Incorporated ,,10.6,36.68,429.2,195.34,398.68,270461,1.07,14.373,388.96,
TFX,Teleflex Incorporated ,0.33,7.77,52.32,445.09,221.27,414.72,227061,1.21,18.932,406.55,1.36
TER,"Teradyne, Inc. ",0.3,4.28,31.55,131.6,42.87,143.4,1643383,1.36,22.424,135.04,0.4
TSLA,"Tesla, Inc. ",,0.64,1268.22,610.34,70.1,900.4,43642508,2.09,779.075,811.66,
TXN,Texas Instruments Incorporated ,2.34,5.97,30.03,179.62,93.09,179.48,4245419,1.06,164.925,179.22,4.08
TXT,Textron Inc. ,0.16,1.35,37.54,51.42,20.26,50.86,1158954,1.73,11.59,50.64,0.08
TMO,Thermo Fisher Scientific Inc. ,0.18,15.96,30.96,567.06,250.21,532.57,1819517,0.81,195.809,494.05,0.88
TJX,"The TJX Companies, Inc. ",1.51,0.62,110.96,75.83,32.72,70.96,7381654,0.98,82.867,69.02,1.04
TSCO,Tractor Supply Company ,1.33,6.38,24.66,161.5,63.89,160.92,1305704,1,18.328,157.33,2.08
TT,Trane Technologies plc ,,,,159.44,70,156.27,1347779,1.24,35.972,150.87,
TDG,TransDigm Group Incorporated ,,6.57,87.52,667.5,200.06,660.02,309195,1.67,31.447,575.02,
TRV,"The Travelers Companies, Inc. ",2.33,10.52,13.91,151.6,76.99,152.29,1395395,0.78,36.936,146.34,3.4
TRMB,Trimble Inc. ,,1.55,47.12,76.4,20.01,74.9,2021111,,18.273,73.04,
TFC,Truist Financial Corporation ,3.35,,,56.9,24.01,55.47,5629632,1.32,71.198,52.78,1.8
TWTR,"Twitter, Inc. ",,-1.44,,58.34,20,69.02,15417843,0.75,54.529,68.56,
TYL,"Tyler Technologies, Inc. ",,4.69,99.37,479.5,247.22,466.65,263388,0.6,18.794,466.05,
TSN,"Tyson Foods, Inc. ",2.72,5.86,11.15,76.23,42.57,81.7,2490100,0.8,23.832,65.34,1.78
UDR,"UDR, Inc. ",3.32,0.2,216.6,41.47,29.2,51.25,2028185,0.75,12.849,43.32,1.44
ULTA,"Ulta Beauty, Inc. ",,4.01,79.95,304.5,124.05,322.11,984216,1.76,18.076,320.85,
USB,U.S. Bancorp ,3.56,3.06,15.44,54.13,28.36,55.69,7427025,1.12,71.211,47.25,1.68
UAA,"Under Armour, Inc. ",,-1.21,,21.92,7.15,23.5,5524400,1.19,9.577,22.99,
UA,"Under Armour, Inc. ",,-1.21,,14,6.37,19.62,3665103,1.19,9.577,19.21,
UNP,Union Pacific Corporation ,,7.88,26.3,230.23,105.08,221.28,2787559,1.11,138.809,207.23,
UAL,"United Airlines Holdings, Inc. ",,-25.3,,48.89,17.8,82.6,17986798,1.63,13.547,43.44,
UNH,UnitedHealth Group Incorporated ,1.5,16.03,20.78,396.13,187.72,367.95,3268908,0.76,316.024,333.07,5
UPS,"United Parcel Service, Inc. ",2.44,1.64,99.01,175.92,82,178.01,3894098,1.01,140.45,162.37,4.04
URI,"United Rentals, Inc. ",,12.2,22.94,273.47,58.85,282.96,834217,2.12,20.203,279.82,
UHS,"Universal Health Services, Inc. ",,10.2,12.75,148.64,65.2,143.84,592746,1.21,11.051,130.04,
UNM,Unum Group ,4.7,3.89,6.24,24,9.58,30.42,2478001,1.73,4.946,24.28,1.14
VLO,Valero Energy Corporation ,6.07,-3.5,,67.76,31,86.79,4725398,2.16,26.323,64.55,3.92
VAR,"Varian Medical Systems, Inc. ",,3.03,58.08,177.75,89.62,176.44,765775,1.06,16.172,176.09,
VTR,"Ventas, Inc. ",3.55,0.91,56.02,47.1,13.35,63.38,2382016,1.32,19.009,50.75,1.8
VRSN,"VeriSign, Inc. ",,6.93,29.51,240.57,148.77,221.3,616000,0.8,23.341,204.55,
VRSK,"Verisk Analytics, Inc. ",0.57,4.03,46.98,211.93,116.61,210.66,681408,0.8,30.778,189.3,1.08
VZ,Verizon Communications Inc. ,4.6,4.3,12.7,60.94,48.84,61.95,17034882,0.47,225.935,54.6,2.51
VRTX,Vertex Pharmaceuticals Incorporated ,,10.29,20.46,283.88,197.47,306.08,1876206,0.64,54.737,210.49,
VFC,V.F. Corporation ,2.42,-0.43,,94.19,45.07,89.68,2365700,0.97,31.529,80.49,1.96
VIAC,ViacomCBS Inc. ,1.68,,,36.52,10.1,60.73,14130772,1.81,35.309,57.2,0.96
VTRS,Viatris Inc. ,,,,21.63,12.75,23.1,14568891,1.58,22.168,18.24,
V,Visa Inc. ,0.62,4.84,43.49,241.17,133.93,220.39,8868769,0.98,464.474,210.66,1.28
VNT,Vontier Corporation ,,,,40.13,26.36,39,2700748,,5.717,33.93,
VNO,Vornado Realty Trust ,5.42,0.28,139.57,40.73,27.64,68.5,2727135,1.4,7.474,39.08,2.12
VMC,Vulcan Materials Company ,0.85,4.58,34.92,158.85,65.56,168.24,886916,0.58,21.21,160.06,1.36
WRB,W. R. Berkley Corporation ,0.7,2.81,24.4,68.11,43.05,79.92,1028587,0.81,12.192,68.56,0.48
WAB,Westinghouse Air Brake Technologies Corporation ,0.58,2.41,33.58,83.4,35.07,84.32,1320353,1.68,15.424,81.04,0.48
WMT,Walmart Inc. ,1.5,6.93,20.78,162.67,102,153.66,7590724,0.48,407.474,144.02,2.16
WBA,"Walgreens Boots Alliance, Inc. ",3.62,-0.8,,46.44,33.36,55.49,8338666,0.47,43.306,50.12,1.87
DIS,The Walt Disney Company ,,-1.59,,188.7,79.07,191.25,12174838,1.2,346.36,190.91,
WM,"Waste Management, Inc. ",2.03,3.54,31.97,130,85.34,126.79,1563212,0.77,47.847,113.22,2.3
WAT,Waters Corporation ,,8.36,33.83,274.62,154.39,299.06,393451,0.82,17.549,282.83,
WEC,"WEC Energy Group, Inc. ",3.23,3.79,22.15,95,68.01,109.53,1288146,0.17,26.481,83.95,2.71
WFC,Wells Fargo & Company ,1.2,0.41,79.8,37.75,20.76,48.49,38946898,1.27,135.592,32.72,0.4
WELL,Welltower Inc. ,3.67,2.33,28.51,63.42,24.27,89.99,2608875,1.03,27.727,66.43,2.44
WST,"West Pharmaceutical Services, Inc. ",0.23,4.13,70.48,298,124.53,312.12,457062,1,21.519,291.09,0.66
WDC,Western Digital Corporation ,,0.55,115.44,63.92,27.4,71.3,4769451,1.62,19.576,63.96,
WU,The Western Union Company ,3.99,1.79,13.16,24.89,17.39,26.6,4591448,1,9.688,23.56,0.94
WRK,WestRock Company ,1.86,-2.61,,52.07,21.5,47.77,1986646,1.26,11.355,43.09,0.8
WY,Weyerhaeuser Company ,1.99,1.07,32.1,36.11,13.1,35.23,4227395,1.91,25.565,34.25,0.68
WHR,Whirlpool Corporation ,2.54,17.07,11.52,205.5,64,214.68,761722,1.89,12.189,196.6,5
WMB,"The Williams Companies, Inc. ",7.36,0.18,125.17,25.43,8.41,22.92,9608590,1.49,27.039,22.28,1.64
WLTW,Willis Towers Watson Public Limited Company ,1.24,7.65,29.87,248.54,143.34,232.34,1031841,0.77,29.466,228.48,2.84
WYNN,"Wynn Resorts, Limited ",,-19.37,,113.2,35.84,137.58,3260372,2.5,13.136,114.58,
XEL,Xcel Energy Inc. ,2.79,2.79,22.07,69.23,46.58,76.44,2543577,0.28,33.082,61.57,1.72
XRX,Xerox Holdings Corporation ,4.24,0.85,27.68,17.8,14.22,38.69,2340851,1.89,4.678,23.58,1
XLNX,"Xilinx, Inc. ",,2.5,57.7,139.07,67.68,154.93,2992188,1.02,35.369,144.2,
XYL,Xylem Inc. ,,1.4,70.67,94.08,54.62,108.84,948388,1.04,17.849,98.94,
YUM,"Yum! Brands, Inc. ",1.91,2.94,35.88,112.5,54.95,110.66,1615941,1.05,31.644,105.48,2
ZBRA,Zebra Technologies Corporation ,,8.76,53.66,425.78,150.06,477.68,357119,1.63,25.063,470.08,
ZBH,"Zimmer Biomet Holdings, Inc. ",0.6,-0.67,,178.58,74.37,170.05,1163751,1.35,33.623,162.21,0.96
ZION,"Zions Bancorporation, National Association ",,3.02,16.2,53.31,23.58,51.22,2001685,1.6,8.026,48.91,
ZTS,Zoetis Inc. ,0.61,3.47,47.39,185,90.14,176.64,1759987,0.64,78.153,164.44,1
